ractive_swrbatsr"birth_date"r"current_sw"r"forty_man_sw"rheight_feetrheight_inchesr"jersey_number"r"name_first_last"r"name_last_first"r"name_sort"r"player_first_last_html"r"player_html"r"player_id"rposition_desigr"primary_position"r"primary_position_cd"r"roster_years"r"stat_years"r"status_short"rteam_idr"throws"rweight
0rNrRr1969-06-02T00:00:00rNrYr6r0r7r"Kurt Abbott"r"Abbott, Kurt"rABBOTT, KURTr"Kurt Abbott"r"Abbott, Kurt"r110011rINFIELDERr2Br4r1998-1999r1998-1999r"Free agent"r115rRr200
1rNrRr1977-12-18T00:00:00rNrNr6r0r30rJose AcevedorAcevedo, JoserACEVEDO, JOSErJose AcevedorAcevedo, Joser406895rPITCHERrPr1r2005-2006r2005-2006rNRIr115rRr220
2rNrRr1970-05-05T00:00:00rNrNr6r2r50rJuan AcevedorAcevedo, JuanrACEVEDO, JUANrJuan AcevedorAcevedo, Juanr110032rPITCHERrPr1r1995, 2001r1995, 2001r"Traded"r115rRr245
3rYrSr1991-07-26T00:00:00rNrYr6r0r18r"Cristhian Adames"r"Adames, Cristhian"rADAMES, CRISTHIANr"Cristhian Adames"r"Adames, Cristhian"r542436rINFIELDERrSSr6r2007, 2012-2017r2012-2017rSignedr115rRr185
4rNrLr1979-06-06T00:00:00rNrYr6r4r41r"Jeremy Affeldt"r"Affeldt, Jeremy"rAFFELDT, JEREMYr"Jeremy Affeldt"r"Affeldt, Jeremy"r346793rPITCHERrPr1r2006-2007r2006-2007r"Free agent"r115rLr225
5rNrRr1971-12-28T00:00:00rNrNr6r0r50rBenny AgbayanirAgbayani, BennyrAGBAYANI, BENNYrBenny AgbayanirAgbayani, Bennyr133742rOUTFIELDERrLFr7r2002r2002rWaivedr115rRr225
6rNrLr1968-06-12T00:00:00rNrNr6r3rr"Scott Aldred"r"Aldred, Scott"rALDRED, SCOTTr"Scott Aldred"r"Aldred, Scott"r110118rPITCHERrPr1r1993r1993r"Traded"r115rLr190
7rYrRr1979-02-07T00:00:00rNrYr5r11rr"Eliezer Alfonzo"r"Alfonzo, Eliezer"rALFONZO, ELIEZERr"Eliezer Alfonzo"r"Alfonzo, Eliezer"r425769rCATCHERrCr2r2011-2012r2011rSignedr115rRr220
8rNrLr1978-08-04T00:00:00rNrNr6r2r11rLuke AllenrAllen, LukerALLEN, LUKErLuke AllenrAllen, Luker282598rOUTFIELDERrLFr7r2003r2003r"Free agent"r115rRr220
9rYrSr1994-06-04T00:00:00rYrYr6r5r62rYency AlmonterAlmonte, YencyrALMONTE, YENCYrYency AlmonterAlmonte, Yencyr622075rPITCHERrPr1r2015-2019r2017-2019rActiver115rRr217
10rNrRr1966-06-18T00:00:00rNrNr6r3r25r"Sandy Alomar Jr."r"Alomar, Sandy"rALOMAR, SANDYr"Sandy Alomar Jr."r"Alomar, Sandy"r110184rCATCHERrCr2r2002r2002r"Free agent"r115rRr235
11rYrLr1987-04-08T00:00:00rYrYr6r1r13r"Yonder Alonso"r"Alonso, Yonder"rALONSO, YONDERr"Yonder Alonso"r"Alonso, Yonder"r475174rINFIELDERr1Br3r2019r2019rActiver115rRr230
12rNrRr1971-12-08T00:00:00rNrYr6r2rr"Garvin Alston"r"Alston, Garvin"rALSTON, GARVINr"Garvin Alston"r"Alston, Garvin"r110191rPITCHERrPr1r1996r1996rActiver115rRr185
13rYrLr1989-04-06T00:00:00rNrYr5r6r2r"Alexi Amarista"r"Amarista, Alexi"rAMARISTA, ALEXIr"Alexi Amarista"r"Amarista, Alexi"r506560rINFIELDERrSSr6r2017r2017rActiver115rRr160
14rYrSr1978-01-16T00:00:00rNrYr5r11r99r"Alfredo Amezaga"r"Amezaga, Alfredo"rAMEZAGA, ALFREDOr"Alfredo Amezaga"r"Amezaga, Alfredo"r407792rINFIELDERr2Br4r2005, 2011r2005, 2011rSignedr115rRr165
15rYrLr1988-02-01T00:00:00rNrYr6r4r30r"Brett Anderson"r"Anderson, Brett"rANDERSON, BRETTr"Brett Anderson"r"Anderson, Brett"r474463rPITCHERrPr1r2013-2014r2014r"Free agent"r115rLr230
16rNrRr1976-08-17T00:00:00rNrNr6r4r14r"Matt Anderson"r"Anderson, Matt"rANDERSON, MATTr"Matt Anderson"r"Anderson, Matt"r150183rPITCHERrPr1r2005r2005r"Free agent"r115rRr200
17rYrLr1989-12-30T00:00:00rYrYr6r3r44r"Tyler Anderson"r"Anderson, Tyler"rANDERSON, TYLERr"Tyler Anderson"r"Anderson, Tyler"r542881rPITCHERrPr1r2011, 2013-2019r2013, 2016-2019r60-day ILr115rLr215
18rNrLr1967-11-08T00:00:00rNrYr6r2rr"Eric Anthony"r"Anthony, Eric"rANTHONY, ERICr"Eric Anthony"r"Anthony, Eric"r110285rOUTFIELDERrOFrOr1996r1996rActiver115rLr195
19rNrRr1974-07-08T00:00:00rNrNr6r0r55r"Danny Ardoin"r"Ardoin, Danny"rARDOIN, DANNYr"Danny Ardoin"r"Ardoin, Danny"r150416rCATCHERrCr2r2005-2006r2005-2006rWaivedr115rRr225
20rYrRr1991-04-16T00:00:00rYrYr6r2r28r"Nolan Arenado"r"Arenado, Nolan"rARENADO, NOLANr"Nolan Arenado"r"Arenado, Nolan"r571448rINFIELDERr3Br5r2009, 2011-2019r2011-2019rActiver115rRr215
21rNrRr1983-10-14T00:00:00rNrYr5r11r41r"Alberto Arias"r"Arias, Alberto"rARIAS, ALBERTOr"Alberto Arias"r"Arias, Alberto"r464244rPITCHERrPr1r2007-2008r2007-2008rWaivedr115rRr180
22rNrRr1968-07-18T00:00:00rNrNr6r4r30r"Rolando Arrojo"r"Arrojo, Rolando"rARROJO, ROLANDOr"Rolando Arrojo"r"Arrojo, Rolando"r134361rPITCHERrPr1r2000r2000r"Traded"r115rRr240
23rNrRr1980-09-29T00:00:00rNrYr6r2r46rMiguel AsenciorAsencio, MiguelrASENCIO, MIGUELrMiguel AsenciorAsencio, Miguelr407900rPITCHERrPr1r2006r2006r"Traded"r115rRr240
24rNrRr1967-07-11T00:00:00rNrNr6r1rrAndy AshbyrAshby, AndyrASHBY, ANDYrAndy AshbyrAshby, Andyr110351rPITCHERrPr1r1992-1993r1993r"Traded"r115rRr195
25rNrRr1968-11-28T00:00:00rNrNr6r2r34r"Pedro Astacio"r"Astacio, Pedro"rASTACIO, PEDROr"Pedro Astacio"r"Astacio, Pedro"r110359rPITCHERrPr1r1997-2001r1997-2001r"Traded"r115rRr210
26rNrRr1979-12-12T00:00:00rNrYr6r3r27r"Garrett Atkins"r"Atkins, Garrett"rATKINS, GARRETTr"Garrett Atkins"r"Atkins, Garrett"r425548rINFIELDERr3Br5r2003-2009r2003-2009r"Free agent"r115rRr215
27rYrRr1983-04-01T00:00:00rNrYr6r5r66r"John Axford"r"Axford, John"rAXFORD, JOHNr"John Axford"r"Axford, John"r446099rPITCHERrPr1r2015r2015r"Free agent"r115rRr234
28rNrRr1970-10-03T00:00:00rNrYr6r1rr"Roger Bailey"r"Bailey, Roger"rBAILEY, ROGERr"Roger Bailey"r"Bailey, Roger"r110441rPITCHERrPr1r1995-1997r1995-1997rActiver115rRr180
29rNrRr1981-06-21T00:00:00rNrYr6r2r10r"Jeff Baker"r"Baker, Jeff"rBAKER, JEFFr"Jeff Baker"r"Baker, Jeff"r425557rINFIELDERr2Br4r2005-2009r2005-2009r"Traded"r115rRr220
30rNrRr1980-05-26T00:00:00rNrYr6r3r14r"Sean Barker"r"Barker, Sean"rBARKER, SEANr"Sean Barker"r"Barker, Sean"r446436rOUTFIELDERrLFr7r2006-2008r2006-2008rNRIr115rRr220
31rNrRr1979-03-06T00:00:00rNrYr6r1r12r"Clint Barmes"r"Barmes, Clint"rBARMES, CLINTr"Clint Barmes"r"Barmes, Clint"r425549rINFIELDERr2Br4r2003-2010r2003-2010r"Traded"r115rRr200
32rYrRr1986-05-15T00:00:00rNrYr6r2r1r"Brandon Barnes"r"Barnes, Brandon"rBARNES, BRANDONr"Brandon Barnes"r"Barnes, Brandon"r488681rOUTFIELDERrLFr7r2013-2016r2014-2016rSignedr115rRr210
33rNrSr1969-09-22T00:00:00rNrYr6r1r27r"Jeff Barry"r"Barry, Jeff"rBARRY, JEFFr"Jeff Barry"r"Barry, Jeff"r110633rOUTFIELDERrCFr8r1998-2001r1998-1999rWaivedr115rRr190
34rNrRr1972-07-21T00:00:00rNrNr6r0r16r"Kimera Bartee"r"Bartee, Kimera"rBARTEE, KIMERAr"Kimera Bartee"r"Bartee, Kimera"r110638rOUTFIELDERrCFr8r2001r2001rReleasedr115rRr200
35rNrSr1971-01-05T00:00:00rNrNr5r11rrJason BatesrBates, JasonrBATES, JASONrJason BatesrBates, Jasonr110676rINFIELDERr2Br4r1995-1998r1995-1998rReleasedr115rRr170
36rNrRr1980-08-23T00:00:00rNrYr6r5r54rDenny BautistarBautista, DennyrBAUTISTA, DENNYrDenny BautistarBautista, Dennyr429714rPITCHERrPr1r2006-2007r2006-2007r"Traded"r115rRr190
37rNrRr1972-07-16T00:00:00rNrYr6r5rrRobbie BeckettrBeckett, RobbierBECKETT, ROBBIErRobbie BeckettrBeckett, Robbier110775rPITCHERrPr1r1996-1997r1996-1997rActiver115rLr235
38rYrLr1977-04-19T00:00:00rNrYr6r3r97rJoe BeimelrBeimel, JoerBEIMEL, JOErJoe BeimelrBeimel, Joer346847rPITCHERrPr1r2009-2010r2009-2010r"Free agent"r115rLr205
39rNrRr1966-08-06T00:00:00rNrYr6r3r37rStan BelindarBelinda, StanrBELINDA, STANrStan BelindarBelinda, Stanr110811rPITCHERrPr1r1999-2000r2000rReleasedr115rRr185
40rYrRr1980-06-06T00:00:00rNrYr6r3r34rMatt BelislerBelisle, MattrBELISLE, MATTrMatt BelislerBelisle, Mattr279571rPITCHERrPr1r2009-2014r2009-2014r"Free agent"r115rRr230
41rNrLr1975-10-23T00:00:00rNrYr6r3r46rTodd BelitzrBelitz, ToddrBELITZ, TODDrTodd BelitzrBelitz, Toddr277411rPITCHERrPr1r2001-2002r2001rReassignedr115rLr200
42rNrSr1974-08-23T00:00:00rNrNr6r1rr"Mark Bellhorn"r"Bellhorn, Mark"rBELLHORN, MARKr"Mark Bellhorn"r"Bellhorn, Mark"r110840rINFIELDERr3Br5r2003, 2009r2003, 2009rSignedr115rRr205
43rNrRr1975-04-07T00:00:00rNrYr5r9r10r"Ronnie Belliard"r"Belliard, Ronnie"rBELLIARD, RONNIEr"Ronnie Belliard"r"Belliard, Ronnie"r150071rINFIELDERr2Br4r2003r2003rReleasedr115rRr210
44rNrRr1982-02-21T00:00:00rNrYr5r10r15r"Edwin Bellorin"r"Bellorin, Edwin"rBELLORIN, EDWINr"Edwin Bellorin"r"Bellorin, Edwin"r431143rCATCHERrCr2r2006-2009r2007-2009rSignedr115rRr240
45rNrLr1969-11-13T00:00:00rNrNr5r11rr"Rigo Beltran"r"Beltran, Rigo"rBELTRAN, RIGOr"Rigo Beltran"r"Beltran, Rigo"r110844rPITCHERrPr1r1999-2000r1999-2000r"Free agent"r115rLr215
46rNrRr1966-04-07T00:00:00rNrYr6r2rr"Freddie Benavides"r"Benavides, Freddie"rBENAVIDES, FREDDIEr"Freddie Benavides"r"Benavides, Freddie"r110848rINFIELDERrSSr6r1993r1993rActiver115rRr180
47rNrRr1972-04-17T00:00:00rNrYr6r0r29r"Gary Bennett"r"Bennett, Gary"rBENNETT, GARYr"Gary Bennett"r"Bennett, Gary"r110870rCATCHERrCr2r2001-2002r2001-2002r"Free agent"r115rRr210
48rYrRr1988-05-04T00:00:00rNrYr6r1r36r"Christian Bergman"r"Bergman, Christian"rBERGMAN, CHRISTIANr"Christian Bergman"r"Bergman, Christian"r548357rPITCHERrPr1r2010, 2014-2016r2014-2016rSignedr115rRr195
49rNrRr1976-11-28T00:00:00rNrNr6r4r43r"Adam Bernero"r"Bernero, Adam"rBERNERO, ADAMr"Adam Bernero"r"Bernero, Adam"r333293rPITCHERrPr1r2003-2004r2003-2004r"Free agent"r115rRr220
50rYrRr1980-06-24T00:00:00rNrYr6r1r1r"Doug Bernier"r"Bernier, Doug"rBERNIER, DOUGr"Doug Bernier"r"Bernier, Doug"r448674rINFIELDERr2Br4r2006-2008r2006-2008rSignedr115rRr185
51rNrRr1975-04-29T00:00:00rNrYr6r2r63r"Rafael Betancourt"r"Betancourt, Rafael"rBETANCOURT, RAFAELr"Rafael Betancourt"r"Betancourt, Rafael"r429783rPITCHERrPr1r2009-2015r2009-2013, 2015rReleasedr115rRr215
52rYrRr1989-04-26T00:00:00rYrYr6r0r35rChad BettisrBettis, ChadrBETTIS, CHADrChad BettisrBettis, Chadr518452rPITCHERrPr1r2010, 2012-2019r2012-2019r10-day ILr115rRr201
53rNrRr1963-11-18T00:00:00rNrNr6r2r10rDante BichetterBichette, DanterBICHETTE, DANTErDante BichetterBichette, Danter110974rOUTFIELDERrLFr7r1992-1999r1993-1999rWaivedr115rRr235
54rNrLr1977-11-04T00:00:00rNrNr6r4r34r"Larry Bigbie"r"Bigbie, Larry"rBIGBIE, LARRYr"Larry Bigbie"r"Bigbie, Larry"r406933rOUTFIELDERrCFr8r2005r2005r"Traded"r115rRr210
55rYrRr1985-11-18T00:00:00rNrYr6r0r41r"Bruce Billings"r"Billings, Bruce"rBILLINGS, BRUCEr"Bruce Billings"r"Billings, Bruce"r501852rPITCHERrPr1r2010-2011r2011r"Traded"r115rRr205
56rYrLr1986-07-01T00:00:00rYrYr6r3r19r"Charlie Blackmon"r"Blackmon, Charlie"rBLACKMON, CHARLIEr"Charlie Blackmon"r"Blackmon, Charlie"r453568rOUTFIELDERrRFr9r2011-2019r2011-2019rActiver115rLr220
57rNrRr1965-12-18T00:00:00rNrNr6r1rr"Willie Blair"r"Blair, Willie"rBLAIR, WILLIEr"Willie Blair"r"Blair, Willie"r111060rPITCHERrPr1r1992-1994r1993-1994rReleasedr115rRr185
58rNrRr1971-08-29T00:00:00rNrYr5r11r35r"Henry Blanco"r"Blanco, Henry"rBLANCO, HENRYr"Henry Blanco"r"Blanco, Henry"r111072rCATCHERrCr2r1999r1999r"Traded"r115rRr220
59rYrRr1984-02-15T00:00:00rNrYr6r4r41rMitchell BoggsrBoggs, MitchellrBOGGS, MITCHELLrMitchell BoggsrBoggs, Mitchellr459939rPITCHERrPr1r2013r2013r"Free agent"r115rRr235
60rNrLr1968-08-01T00:00:00rNrNr6r2r41r"Brian Bohanon"r"Bohanon, Brian"rBOHANON, BRIANr"Brian Bohanon"r"Bohanon, Brian"r111155rPITCHERrPr1r1998-2001r1999-2001rReleasedr115rLr250
61rNrLr1963-01-04T00:00:00rNrYr6r3rr"Daryl Boston"r"Boston, Daryl"rBOSTON, DARYLr"Daryl Boston"r"Boston, Daryl"r111257rOUTFIELDERrOFrOr1993r1993rActiver115rLr203
62rNrRr1968-11-14T00:00:00rNrNr6r3rrKent BottenfieldrBottenfield, KentrBOTTENFIELD, KENTrKent BottenfieldrBottenfield, Kentr111264rPITCHERrPr1r1993-1994r1993-1994rReleasedr115rRr240
63rYrRr1978-02-10T00:00:00rNrYr6r2r31r"Cedrick Bowers"r"Bowers, Cedrick"rBOWERS, CEDRICKr"Cedrick Bowers"r"Bowers, Cedrick"r276914rPITCHERrPr1r2008-2009r2008-2009rReleasedr115rLr220
64rNrLr1974-11-10T00:00:00rNrYr6r4r44rMicah BowierBowie, MicahrBOWIE, MICAHrMicah BowierBowie, Micahr150295rPITCHERrPr1r2007-2008r2008r"Free agent"r115rLr220
65rNrLr1969-09-07T00:00:00rNrNr5r9r31r"Darren Bragg"r"Bragg, Darren"rBRAGG, DARRENr"Darren Bragg"r"Bragg, Darren"r111369rOUTFIELDERrLFr7r2000r2000rReleasedr115rRr180
66rYrLr1986-01-16T00:00:00rNrYr6r2rr"Reid Brignac"r"Brignac, Reid"rBRIGNAC, REIDr"Reid Brignac"r"Brignac, Reid"r458582rINFIELDERrSSr6r2013r2013rSignedr115rRr197
67rNrRr1966-06-22T00:00:00rNrYr6r1rr"Jorge Brito"r"Brito, Jorge"rBRITO, JORGEr"Jorge Brito"r"Brito, Jorge"r111482rCATCHERrCr2r1995-1996r1995-1996rActiver115rRr190
68rYrLr1987-12-18T00:00:00rNrYr6r0r49r"Rex Brothers"r"Brothers, Rex"rBROTHERS, REXr"Rex Brothers"r"Brothers, Rex"r571521rPITCHERrPr1r2009, 2011-2015r2011-2015r"Traded"r115rLr205
69rNrRr1984-09-10T00:00:00rNrYr6r0r12r"Andrew Brown"r"Brown, Andrew"rBROWN, ANDREWr"Andrew Brown"r"Brown, Andrew"r518500rOUTFIELDERrRFr9r2011-2012r2012r"Free agent"r115rRr200
70rYrLr1985-06-20T00:00:00rNrYr6r3r51r"Brooks Brown"r"Brown, Brooks"rBROWN, BROOKSr"Brooks Brown"r"Brown, Brooks"r453156rPITCHERrPr1r2013-2015r2014-2015rClaimedr115rRr205
71rNrLr1975-06-17T00:00:00rNrNr6r2r32r"Mark Brownson"r"Brownson, Mark"rBROWNSON, MARKr"Mark Brownson"r"Brownson, Mark"r136301rPITCHERrPr1r1998-1999r1998-1999rWaivedr115rRr185
72rNrRr1974-04-21T00:00:00rNrNr6r2r66r"Cliff Brumbaugh"r"Brumbaugh, Cliff"rBRUMBAUGH, CLIFFr"Cliff Brumbaugh"r"Brumbaugh, Cliff"r406733rOUTFIELDERrLFr7r2001r2001rSignedr115rRr205
73rNrRr1981-10-13T00:00:00rNrYr6r3r35r"Taylor Buchholz"r"Buchholz, Taylor"rBUCHHOLZ, TAYLORr"Taylor Buchholz"r"Buchholz, Taylor"r430587rPITCHERrPr1r2006-2010r2007-2010rClaimedr115rRr220
74rNrSr1970-02-09T00:00:00rNrYr6r4rr"John Burke"r"Burke, John"rBURKE, JOHNr"John Burke"r"Burke, John"r111721rPITCHERrPr1r1996-1997r1996-1997rActiver115rRr220
75rNrRr1964-09-11T00:00:00rNrNr6r2rr"Ellis Burks"r"Burks, Ellis"rBURKS, ELLISr"Ellis Burks"r"Burks, Ellis"r111736rOUTFIELDERrCFr8r1994-1998r1994-1998r"Traded"r115rRr200
76rNrLr1969-04-15T00:00:00rNrNr6r0r35r"Jeromy Burnitz"r"Burnitz, Jeromy"rBURNITZ, JEROMYr"Jeromy Burnitz"r"Burnitz, Jeromy"r111742rOUTFIELDERrRFr9r2004r2004r"Free agent"r115rRr210
77rYrRr1983-08-09T00:00:00rNrYr6r1r25r"Drew Butera"r"Butera, Drew"rBUTERA, DREWr"Drew Butera"r"Butera, Drew"r460077rCATCHERrCr2r2018-2019r2018-2019rSignedr115rRr205
78rNrRr1978-02-11T00:00:00rNrNr6r0r5r"Brent Butler"r"Butler, Brent"rBUTLER, BRENTr"Brent Butler"r"Butler, Brent"r150450rINFIELDERr2Br4r2001-2003r2001-2003r"Free agent"r115rRr180
79rYrRr1991-03-13T00:00:00rNrYr6r2r31r"Eddie Butler"r"Butler, Eddie"rBUTLER, EDDIEr"Eddie Butler"r"Butler, Eddie"r572750rPITCHERrPr1r2012, 2014-2017r2014-2016r"Traded"r115rRr180
80rNrRr1976-02-16T00:00:00rNrYr6r2r35r"Eric Byrnes"r"Byrnes, Eric"rBYRNES, ERICr"Eric Byrnes"r"Byrnes, Eric"r291565rOUTFIELDERrRFr9r2005r2005r"Traded"r115rRr205
81rYrLr1987-10-20T00:00:00rNrYr6r0r46r"Edwar Cabrera"r"Cabrera, Edwar"rCABRERA, EDWARr"Edwar Cabrera"r"Cabrera, Edwar"r542369rPITCHERrPr1r2011-2013r2012rClaimedr115rLr195
82rNrSr1963-03-10T00:00:00rNrYr5r8r23rJohn CangelosirCangelosi, JohnrCANGELOSI, JOHNrJohn CangelosirCangelosi, Johnr111956rOUTFIELDERrLFr7r1999r1999rReleasedr115rLr160
83rNrRr1981-01-13T00:00:00rNrYr6r4r41rJose CapellanrCapellan, JoserCAPELLAN, JOSErJose CapellanrCapellan, Joser430642rPITCHERrPr1r2007-2008r2008r"Free agent"r115rRr245
84rYrRr1991-07-23T00:00:00rNrYr6r3rr"Matt Carasiti"r"Carasiti, Matt"rCARASITI, MATTr"Matt Carasiti"r"Carasiti, Matt"r571539rPITCHERrPr1r2012, 2015-2017r2016-2017r"Traded"r115rRr210
85rYrRr1987-08-31T00:00:00rNrYr6r0r94r"Stephen Cardullo"r"Cardullo, Stephen"rCARDULLO, STEPHENr"Stephen Cardullo"r"Cardullo, Stephen"r506924rOUTFIELDERrLFr7r2016-2018r2016-2018rSignedr115rRr215
86rYrRr1991-08-30T00:00:00rNrYr6r4r29r"Shane Carle"r"Carle, Shane"rCARLE, SHANEr"Shane Carle"r"Carle, Shane"r641438rPITCHERrPr1r2014, 2016-2018r2016-2017rClaimedr115rRr210
87rNrLr1968-07-23T00:00:00rNrNr6r1r23r"Bubba Carpenter"r"Carpenter, Bubba"rCARPENTER, BUBBAr"Bubba Carpenter"r"Carpenter, Bubba"r150084rOUTFIELDERrLFr7r1999-2000r2000rWaivedr115rLr185
88rNrRr1968-03-04T00:00:00rNrNr6r2r47r"Giovanni Carrara"r"Carrara, Giovanni"rCARRARA, GIOVANNIr"Giovanni Carrara"r"Carrara, Giovanni"r112030rPITCHERrPr1r2000r2000r"Free agent"r115rRr230
89rNrRr1974-02-18T00:00:00rNrYr5r10r1r"Jamey Carroll"r"Carroll, Jamey"rCARROLL, JAMEYr"Jamey Carroll"r"Carroll, Jamey"r425206rINFIELDERr2Br4r2006-2007r2006-2007r"Traded"r115rRr175
90rNrRr1984-08-19T00:00:00rNrYr6r4r62r"Marcos Carvajal"r"Carvajal, Marcos"rCARVAJAL, MARCOSr"Marcos Carvajal"r"Carvajal, Marcos"r434881rPITCHERrPr1r2005r2005r"Traded"r115rRr175
91rNrRr1970-03-11T00:00:00rNrYr5r7rr"Pedro Castellano"r"Castellano, Pedro"rCASTELLANO, PEDROr"Pedro Castellano"r"Castellano, Pedro"r112102rINFIELDERr3Br5r1993-1996r1993, 1995-1996rActiver115rRr165
92rNrRr1967-07-04T00:00:00rNrNr6r1r9rVinny CastillarCastilla, VinnyrCASTILLA, VINNYrVinny CastillarCastilla, Vinnyr112106rINFIELDERr3Br5r1993-1999, 2004, 2006r1993-1999, 2004, 2006r"Free agent"r115rRr205
93rNrRr1969-04-01T00:00:00rNrNr6r1rr"Frank Castillo"r"Castillo, Frank"rCASTILLO, FRANKr"Frank Castillo"r"Castillo, Frank"r112113rPITCHERrPr1r1997r1997r"Free agent"r115rRr200
94rYrRr1992-11-14T00:00:00rNrYr5r11r6r"Daniel Castro"r"Castro, Daniel"rCASTRO, DANIELr"Daniel Castro"r"Castro, Daniel"r593495rINFIELDERr2Br4r2016-2018r2017-2018rSignedr115rRr201
95rYrRr1994-12-24T00:00:00rNrYr6r7r46r"Miguel Castro"r"Castro, Miguel"rCASTRO, MIGUELr"Miguel Castro"r"Castro, Miguel"r612434rPITCHERrPr1r2015-2017r2015-2017r"Traded"r115rRr205
96rYrRr1988-04-09T00:00:00rNrYr6r5r64r"Simon Castro"r"Castro, Simon"rCASTRO, SIMONr"Simon Castro"r"Castro, Simon"r501563rPITCHERrPr1r2014-2016r2015-2016rNRIr115rRr230
97rYrRr1988-01-07T00:00:00rNrYr6r3r45rJhoulys ChacinrChacin, JhoulysrCHACIN, JHOULYSrJhoulys ChacínrChacín, Jhoulysr468504rPITCHERrPr1r2009-2015r2009-2015rReleasedr115rRr215
98rNrRr1977-12-23T00:00:00rNrNr6r3r34rShawn ChaconrChacon, ShawnrCHACON, SHAWNrShawn ChaconrChacon, Shawnr276336rPITCHERrPr1r2001-2005r2001-2005r"Traded"r115rRr220
99rYrRr1989-12-16T00:00:00rNrYr6r0r32r"Tyler Chatwood"r"Chatwood, Tyler"rCHATWOOD, TYLERr"Tyler Chatwood"r"Chatwood, Tyler"r543022rPITCHERrPr1r2011-2017r2012-2014, 2016-2017r"Free agent"r115rRr185
100rNrRr1972-05-01T00:00:00rNrNr6r2r43r"Bobby Chouinard"r"Chouinard, Bobby"rCHOUINARD, BOBBYr"Bobby Chouinard"r"Chouinard, Bobby"r112257rPITCHERrPr1r2000-2001r2000-2001r"Free agent"r115rRr195
101rNrLr1975-03-31T00:00:00rNrNr6r0r50r"Tim Christman"r"Christman, Tim"rCHRISTMAN, TIMr"Tim Christman"r"Christman, Tim"r276337rPITCHERrPr1r2001r2001r"Free agent"r115rLr195
102rNrRr1969-09-23T00:00:00rNrYr6r1r7r"Jeff Cirillo"r"Cirillo, Jeff"rCIRILLO, JEFFr"Jeff Cirillo"r"Cirillo, Jeff"r112297rINFIELDERr3Br5r2000-2001r2000-2001r"Traded"r115rRr205
103rNrRr1963-08-10T00:00:00rNrYr6r4rr"Jerald Clark"r"Clark, Jerald"rCLARK, JERALDr"Jerald Clark"r"Clark, Jerald"r112330rOUTFIELDERrOFrOr1993r1993rActiver115rRr200
104rNrRr1981-03-18T00:00:00rNrYr6r8r99r"Darren Clarke"r"Clarke, Darren"rCLARKE, DARRENr"Darren Clarke"r"Clarke, Darren"r457489rPITCHERrPr1r2006-2008r2007-2008rNRIr115rRr235
105rNrRr1970-01-02T00:00:00rNrYr6r0r10rRoyce ClaytonrClayton, RoycerCLAYTON, ROYCErRoyce ClaytonrClayton, Roycer112381rINFIELDERrSSr6r2004r2004r"Free agent"r115rRr200
106rNrRr1975-12-15T00:00:00rNrNr5r11r12r"Edgard Clemente"r"Clemente, Edgard"rCLEMENTE, EDGARDr"Edgard Clemente"r"Clemente, Edgard"r136762rOUTFIELDERrCFr8r1998-1999r1998-1999r"Traded"r115rRr190
107rNrSr1980-01-15T00:00:00rNrYr5r10r7r"JD Closser"r"Closser, JD"rCLOSSER, JDr"JD Closser"r"Closser, JD"r408038rCATCHERrCr2r2004-2006r2004-2006rWaivedr115rRr205
108rNrRr1962-12-05T00:00:00rNrYr6r2rr"Alan Cockrell"r"Cockrell, Alan"rCOCKRELL, ALANr"Alan Cockrell"r"Cockrell, Alan"r112439rOUTFIELDERrOFrOr1996r1996rActiver115rRr210
109rNrRr1969-07-26T00:00:00rNrNr6r0rr"Greg Colbrunn"r"Colbrunn, Greg"rCOLBRUNN, GREGr"Greg Colbrunn"r"Colbrunn, Greg"r112461rINFIELDERr1Br3r1998r1998r"Traded"r115rRr215
110rNrLr1965-08-17T00:00:00rNrYr6r0rrAlex ColerCole, AlexrCOLE, ALEXrAlex ColerCole, Alexr112464rOUTFIELDERrOFrOr1993r1993rActiver115rLr170
111rNrRr1962-06-02T00:00:00rNrYr6r1rr"Darnell Coles"r"Coles, Darnell"rCOLES, DARNELLr"Darnell Coles"r"Coles, Darnell"r112491rINFIELDERr3Br5r1997r1997rActiver115rRr185
112rYrRr1981-12-26T00:00:00rNrYr6r3r55rAlvin ColinarColina, AlvinrCOLINA, ALVINrAlvin ColinarColina, Alvinr468915rCATCHERrCr2r2006-2007r2006-2007rClaimedr115rRr210
113rYrLr1985-09-05T00:00:00rNrYr6r3r21r"Tyler Colvin"r"Colvin, Tyler"rCOLVIN, TYLERr"Tyler Colvin"r"Colvin, Tyler"r502125rOUTFIELDERrRFr9r2011-2013r2012-2013rSignedr115rLr210
114rNrRr1971-12-06T00:00:00rNrYr6r4r54r"Jose Contreras"r"Contreras, Jose"rCONTRERAS, JOSEr"Jose Contreras"r"Contreras, Jose"r425747rPITCHERrPr1r2009r2009r"Free agent"r115rRr255
115rNrRr1979-02-08T00:00:00rNrYr6r3rr"Aaron Cook"r"Cook, Aaron"rCOOK, AARONr"Aaron Cook"r"Cook, Aaron"r346871rPITCHERrPr1r2002-2011, 2013r2002-2011rSignedr115rRr215
116rNrRr1974-11-16T00:00:00rNrNr6r3r46r"Mark Corey"r"Corey, Mark"rCOREY, MARKr"Mark Corey"r"Corey, Mark"r407579rPITCHERrPr1r2002r2002r"Free agent"r115rRr220
117rYrRr1982-12-03T00:00:00rNrYr6r3r60r"Manny Corpas"r"Corpas, Manny"rCORPAS, MANNYr"Manny Corpas"r"Corpas, Manny"r466918rPITCHERrPr1r2006-2010, 2013-2014r2006-2010, 2013-2014rNRIr115rRr210
118rYrRr1973-10-15T00:00:00rNrNr5r11r50r"David Cortes"r"Cortes, David"rCORTES, DAVIDr"David Cortes"r"Cortes, David"r233694rPITCHERrPr1r2005-2006r2005-2006r"Free agent"r115rRr225
119rNrLr1970-08-21T00:00:00rNrYr6r0rr"Craig Counsell"r"Counsell, Craig"rCOUNSELL, CRAIGr"Craig Counsell"r"Counsell, Craig"r112736rINFIELDERr2Br4r1995, 1997r1995, 1997r"Traded"r115rRr180
120rNrRr1970-08-07T00:00:00rNrNr6r4r54r"Rick Croushore"r"Croushore, Rick"rCROUSHORE, RICKr"Rick Croushore"r"Croushore, Rick"r131701rPITCHERrPr1r1999-2000r2000r"Traded"r115rRr210
121rNrLr1973-01-28T00:00:00rNrNr6r0r23r"Jacob Cruz"r"Cruz, Jacob"rCRUZ, JACOBr"Jacob Cruz"r"Cruz, Jacob"r112901rOUTFIELDERrLFr7r2001r2001rReleasedr115rLr215
122rNrRr1972-09-13T00:00:00rNrNr6r1r35r"Nelson Cruz"r"Cruz, Nelson"rCRUZ, NELSONr"Nelson Cruz"r"Cruz, Nelson"r112906rPITCHERrPr1r2003r2003r"Free agent"r115rRr185
123rNrRr1979-03-27T00:00:00rNrYr6r2r3r"Michael Cuddyer"r"Cuddyer, Michael"rCUDDYER, MICHAELr"Michael Cuddyer"r"Cuddyer, Michael"r150212rOUTFIELDERrRFr9r2011-2014r2012-2014r"Free agent"r115rRr220
124rYrRr1991-10-02T00:00:00rYrYr6r2r56rNoel CuevasrCuevas, NoelrCUEVAS, NOELrNoel CuevasrCuevas, Noelr571595rOUTFIELDERrLFr7r2014-2019r2015-2019rReassignedr115rRr224
125rYrRr1989-04-10T00:00:00rNrYr6r0r23r"Charlie Culberson"r"Culberson, Charlie"rCULBERSON, CHARLIEr"Charlie Culberson"r"Culberson, Charlie"r518586rINFIELDERr3Br5r2012-2015r2013-2015rSignedr115rRr200
126rNrLr1979-01-07T00:00:00rNrYr6r1r21rJack CustrCust, JackrCUST, JACKrJack CustrCust, Jackr400091rOUTFIELDERrLFr7r2002r2002r"Traded"r115rRr250
127rNrSr1963-12-18T00:00:00rNrYr6r4rrJim CzajkowskirCzajkowski, JimrCZAJKOWSKI, JIMrJim CzajkowskirCzajkowski, Jimr112983rPITCHERrPr1r1994r1994rActiver115rRr215
128rYrLr1994-04-01T00:00:00rYrYr6r2r26rDavid DahlrDahl, DavidrDAHL, DAVIDrDavid DahlrDahl, Davidr621311rOUTFIELDERrLFr7r2012, 2014-2019r2014-2019r10-day ILr115rRr200
129rNrRr1982-06-23T00:00:00rNrYr6r2r31rMatt DaleyrDaley, MattrDALEY, MATTrMatt DaleyrDaley, Mattr457935rPITCHERrPr1r2008-2011r2008-2011rSignedr115rRr180
130rNrLr1970-11-13T00:00:00rNrNr5r8r27r"Vic Darensbourg"r"Darensbourg, Vic"rDARENSBOURG, VICr"Vic Darensbourg"r"Darensbourg, Vic"r133240rPITCHERrPr1r2003r2003rReleasedr115rLr175
131rNrRr1976-03-24T00:00:00rNrNr6r5r23r"Joe Davenport"r"Davenport, Joe"rDAVENPORT, JOEr"Joe Davenport"r"Davenport, Joe"r220094rPITCHERrPr1r2001r2001rReleasedr115rRr225
132rYrRr1975-06-25T00:00:00rNrYr6r3r37rKane DavisrDavis, KanerDAVIS, KANErKane DavisrDavis, Kaner282327rPITCHERrPr1r2001r2001r"Traded"r115rRr205
133rYrRr1985-09-07T00:00:00rYrYr6r5r71rWade DavisrDavis, WaderDAVIS, WADErWade DavisrDavis, Wader451584rPITCHERrPr1r2017-2019r2018-2019rActiver115rRr227
134rNrRr1978-06-15T00:00:00rNrNr6r4r45rZach DayrDay, ZachrDAY, ZACHrZach DayrDay, Zachr400180rPITCHERrPr1r2005-2006r2005-2006rWaivedr115rRr215
135rYrRr1994-02-28T00:00:00rYrYr6r2r31rYonathan DazarDaza, YonathanrDAZA, YONATHANrYonathan DazarDaza, Yonathanr602074rOUTFIELDERrLFr7r2010, 2015-2019r2015-2019rActiver115rRr210
136rYrLr1981-04-05T00:00:00rNrYr6r1r29r"Jorge De La Rosa"r"De La Rosa, Jorge"rDE LA ROSA, JORGEr"Jorge De La Rosa"r"De La Rosa, Jorge"r407822rPITCHERrPr1r2008-2016r2008-2016r"Free agent"r115rLr215
137rYrLr1972-10-06T00:00:00rNrNr6r2r39r"Valerio De Los Santos"r"De Los Santos, Valerio"rDE LOS SANTOS, VALERIOr"Valerio De Los Santos"r"De Los Santos, Valerio"r136304rPITCHERrPr1r2008r2008rSignedr115rLr225
138rNrRr1965-10-25T00:00:00rNrYr6r3rr"Steve Decker"r"Decker, Steve"rDECKER, STEVEr"Steve Decker"r"Decker, Steve"r113189rCATCHERrCr2r1996r1996rActiver115rRr205
139rYrRr1983-07-02T00:00:00rNrYr6r3r47rSamuel DedunorDeduno, SamuelrDEDUNO, SAMUELrSamuel DedunorDeduno, Samuelr465679rPITCHERrPr1r2008-2011r2009-2010rClaimedr115rRr210
140rNrRr1970-09-28T00:00:00rNrNr6r2r24rMike DeJeanrDeJean, MikerDEJEAN, MIKErMike DeJeanrDeJean, Miker113211rPITCHERrPr1r1997-2001, 2005-2007r1997-2000, 2005-2006rNRIr115rRr215
141rYrRr1982-02-16T00:00:00rNrYr6r2r53r"Manny Delcarmen"r"Delcarmen, Manny"rDELCARMEN, MANNYr"Manny Delcarmen"r"Delcarmen, Manny"r434668rPITCHERrPr1r2010r2010r"Free agent"r115rRr225
142rYrLr1986-10-19T00:00:00rNrYr5r10r3rDaniel DescalsorDescalso, DanielrDESCALSO, DANIELrDaniel DescalsorDescalso, Danielr518614rINFIELDERr1Br3r2014-2016r2015-2016r"Free agent"r115rRr190
143rYrRr1985-09-20T00:00:00rYrYr6r3r20rIan DesmondrDesmond, IanrDESMOND, IANrIan DesmondrDesmond, Ianr435622rOUTFIELDERrCFr8r2016-2019r2017-2019rActiver115rRr220
144rNrRr1971-01-13T00:00:00rNrYr5r11r39r"Elmer Dessens"r"Dessens, Elmer"rDESSENS, ELMERr"Elmer Dessens"r"Dessens, Elmer"r113296rPITCHERrPr1r2007r2007r"Free agent"r115rRr200
145rYrRr1991-05-27T00:00:00rYrYr6r0r37r"Jairo Diaz"r"Diaz, Jairo"rDIAZ, JAIROr"Jairo Díaz"r"Díaz, Jairo"r545064rPITCHERrPr1r2014-2019r2015-2019rActiver115rRr200
146rYrLr1989-05-22T00:00:00rNrYr6r1r6r"Corey Dickerson"r"Dickerson, Corey"rDICKERSON, COREYr"Corey Dickerson"r"Dickerson, Corey"r572816rOUTFIELDERrLFr7r2010, 2013-2016r2013-2015r"Traded"r115rRr210
147rYrLr1994-07-16T00:00:00rYrYr6r2r64rPhillip DiehlrDiehl, PhilliprDIEHL, PHILLIPrPhillip DiehlrDiehl, Phillipr670426rPITCHERrPr1r2019r2019rReassignedr115rLr180
148rNrRr1974-03-12T00:00:00rNrNr6r4r51r"Craig Dingman"r"Dingman, Craig"rDINGMAN, CRAIGr"Craig Dingman"r"Dingman, Craig"r276374rPITCHERrPr1r2001r2001rReleasedr115rRr230
149rNrRr1968-05-24T00:00:00rNrNr6r2r45r"Jerry Dipoto"r"Dipoto, Jerry"rDIPOTO, JERRYr"Jerry Dipoto"r"Dipoto, Jerry"r113386rPITCHERrPr1r1996-2001r1997-2000rReleasedr115rRr205
150rNrRr1978-02-13T00:00:00rNrNr6r1r47rScott DohmannrDohmann, ScottrDOHMANN, SCOTTrScott DohmannrDohmann, Scottr430617rPITCHERrPr1r2004-2006r2004-2006r"Traded"r115rRr200
151rNrRr1973-11-25T00:00:00rNrYr6r0r35rOctavio DotelrDotel, OctaviorDOTEL, OCTAVIOrOctavio DotelrDotel, Octavior136734rPITCHERrPr1r2010r2010r"Free agent"r115rRr230
152rNrRr1971-08-01T00:00:00rNrNr6r0r50r"Travis Driskill"r"Driskill, Travis"rDRISKILL, TRAVISr"Travis Driskill"r"Driskill, Travis"r150344rPITCHERrPr1r2004r2004r"Free agent"r115rRr215
153rYrLr1985-05-23T00:00:00rNrYr6r0r38rMike DunnrDunn, MikerDUNN, MIKErMike DunnrDunn, Miker445197rPITCHERrPr1r2016-2019r2017-2019rReleasedr115rLr212
154rNrRr1977-11-23T00:00:00rNrYr6r2r49rAdam EatonrEaton, AdamrEATON, ADAMrAdam EatonrEaton, Adamr284566rPITCHERrPr1r2009r2009rSignedr115rRr215
155rNrRr1971-05-25T00:00:00rNrNr6r4r39r"Angel Echevarria"r"Echevarria, Angel"rECHEVARRIA, ANGELr"Angel Echevarria"r"Echevarria, Angel"r113724rOUTFIELDERrRFr9r1996-2000r1996-2000rWaivedr115rRr235
156rYrRr1983-08-30T00:00:00rNrYr6r0r47r"Mike Ekstrom"r"Ekstrom, Mike"rEKSTROM, MIKEr"Mike Ekstrom"r"Ekstrom, Mike"r455091rPITCHERrPr1r2011-2012r2012rSignedr115rRr190
157rYrRr1976-02-23T00:00:00rNrYr6r7r50r"Scott Elarton"r"Elarton, Scott"rELARTON, SCOTTr"Scott Elarton"r"Elarton, Scott"r134003rPITCHERrPr1r2001, 2003-2004r2001, 2003-2004r"Free agent"r115rRr240
158rNrRr1980-07-12T00:00:00rNrYr6r6r40r"Brad Eldred"r"Eldred, Brad"rELDRED, BRADr"Brad Eldred"r"Eldred, Brad"r434660rINFIELDERr1Br3r2010r2010rSignedr115rRr270
159rNrRr1977-06-06T00:00:00rNrYr5r10r14r"Mark Ellis"r"Ellis, Mark"rELLIS, MARKr"Mark Ellis"r"Ellis, Mark"r407885rINFIELDERr2Br4r2011r2011r"Free agent"r115rRr190
160rNrLr1970-01-23T00:00:00rNrYr6r2r41r"Alan Embree"r"Embree, Alan"rEMBREE, ALANr"Alan Embree"r"Embree, Alan"r113833rPITCHERrPr1r2008-2009r2009r"Free agent"r115rLr200
161rNrRr1975-09-24T00:00:00rNrNr6r2r44r"Mario Encarnacion"r"Encarnacion, Mario"rENCARNACION, MARIOr"Mario Encarnacion"r"Encarnacion, Mario"r276512rOUTFIELDERrLFr7r2001r2001rWaivedr115rRr210
162rYrRr1986-10-06T00:00:00rNrYr6r4r61r"Edgmer Escalona"r"Escalona, Edgmer"rESCALONA, EDGMERr"Edgmer Escalona"r"Escalona, Edgmer"r467850rPITCHERrPr1r2009-2013r2009-2013rSignedr115rRr235
163rNrRr1981-09-27T00:00:00rNrYr6r0r35rMike EspositorEsposito, MikerESPOSITO, MIKErMike EspositorEsposito, Miker435438rPITCHERrPr1r2005-2006r2005-2006rSignedr115rRr190
164rNrRr1974-08-23T00:00:00rNrNr6r1r8rBobby EstalellarEstalella, BobbyrESTALELLA, BOBBYrBobby EstalellarEstalella, Bobbyr113911rCATCHERrCr2r2002-2003r2002-2003r"Free agent"r115rRr225
165rNrRr1973-02-18T00:00:00rNrYr6r1r55rShawn EstesrEstes, ShawnrESTES, SHAWNrShawn EstesrEstes, Shawnr113915rPITCHERrPr1r2004r2004r"Free agent"r115rLr210
166rYrRr1992-12-28T00:00:00rYrYr6r6r54r"Carlos Estevez"r"Estevez, Carlos"rESTEVEZ, CARLOSr"Carlos Estévez"r"Estévez, Carlos"r608032rPITCHERrPr1r2011, 2015-2019r2016-2019rActiver115rRr275
167rNrLr1975-02-19T00:00:00rNrNr6r0r47r"Horacio Estrada"r"Estrada, Horacio"rESTRADA, HORACIOr"Horacio Estrada"r"Estrada, Horacio"r216194rPITCHERrPr1r2001r2001rReleasedr115rLr160
168rNrSr1968-07-03T00:00:00rNrYr6r1rr"Mike Farmer"r"Farmer, Mike"rFARMER, MIKEr"Mike Farmer"r"Farmer, Mike"r114014rPITCHERrPr1r1996r1996rActiver115rLr193
169rNrRr1971-08-10T00:00:00rNrNr6r2r50rSal FasanorFasano, SalrFASANO, SALrSal FasanorFasano, Salr114031rCATCHERrCr2r2001, 2009r2001, 2009rNRIr115rRr225
170rNrLr1963-01-05T00:00:00rNrNr6r1r13r"Jeff Fassero"r"Fassero, Jeff"rFASSERO, JEFFr"Jeff Fassero"r"Fassero, Jeff"r114032rPITCHERrPr1r2004r2004rReleasedr115rLr215
171rNrRr1975-12-11T00:00:00rNrNr6r2r35rNate FieldrField, NaterFIELD, NATErNate FieldrField, Nater407757rPITCHERrPr1r2006r2006r"Free agent"r115rRr210
172rYrRr1987-02-22T00:00:00rNrYr5r10r36rTommy FieldrField, TommyrFIELD, TOMMYrTommy FieldrField, Tommyr474494rINFIELDERrSSr6r2010-2012r2010-2012rClaimedr115rRr185
173rNrLr1965-03-12T00:00:00rNrNr6r2r12rSteve FinleyrFinley, SteverFINLEY, STEVErSteve FinleyrFinley, Stever114135rOUTFIELDERrCFr8r2007r2007rReleasedr115rLr195
174rYrLr1986-01-27T00:00:00rNrYr6r2r58rYohan FlanderFlande, YohanrFLANDE, YOHANrYohan FlanderFlande, Yohanr456071rPITCHERrPr1r2013-2016r2014-2016rSignedr115rLr180
175rNrLr1975-07-31T00:00:00rNrYr6r0r53r"Randy Flores"r"Flores, Randy"rFLORES, RANDYr"Randy Flores"r"Flores, Randy"r420864rPITCHERrPr1r2002, 2009-2010r2002, 2009-2010rClaimedr115rLr190
176rNrRr1976-12-13T00:00:00rNrYr6r0r51rJosh FoggrFogg, JoshrFOGG, JOSHrJosh FoggrFogg, Joshr150319rPITCHERrPr1r2006-2007, 2009r2006-2007, 2009r"Free agent"r115rRr205
177rYrSr1986-03-22T00:00:00rNrYr6r5r24r"Dexter Fowler"r"Fowler, Dexter"rFOWLER, DEXTERr"Dexter Fowler"r"Fowler, Dexter"r451594rOUTFIELDERrCFr8r2007-2013r2007-2013r"Traded"r115rRr195
178rNrLr1981-01-08T00:00:00rNrYr6r5r26r"Jeff Francis"r"Francis, Jeff"rFRANCIS, JEFFr"Jeff Francis"r"Francis, Jeff"r433585rPITCHERrPr1r2004-2010, 2012-2013r2004-2008, 2010, 2012-2013rActiver115rLr220
179rNrRr1967-08-19T00:00:00rNrYr6r3rr"Scott Fredrickson"r"Fredrickson, Scott"rFREDRICKSON, SCOTTr"Scott Fredrickson"r"Fredrickson, Scott"r114396rPITCHERrPr1r1993r1993rActiver115rRr215
180rYrLr1993-05-14T00:00:00rYrYr6r4r21r"Kyle Freeland"r"Freeland, Kyle"rFREELAND, KYLEr"Kyle Freeland"r"Freeland, Kyle"r607536rPITCHERrPr1r2014, 2016-2019r2016-2019r10-day ILr115rLr201
181rNrRr1979-10-20T00:00:00rNrNr6r2r21r"Choo Freeman"r"Freeman, Choo"rFREEMAN, CHOOr"Choo Freeman"r"Freeman, Choo"r425551rOUTFIELDERrCFr8r2004-2007r2004-2006r"Free agent"r115rRr200
182rNrRr1963-04-10T00:00:00rNrNr6r7rr"Marvin Freeman"r"Freeman, Marvin"rFREEMAN, MARVINr"Marvin Freeman"r"Freeman, Marvin"r114410rPITCHERrPr1r1993-1996r1994-1996rWaivedr115rRr222
183rYrRr1987-07-08T00:00:00rNrYr6r4r53r"Christian Friedrich"r"Friedrich, Christian"rFRIEDRICH, CHRISTIANr"Christian Friedrich"r"Friedrich, Christian"r543184rPITCHERrPr1r2010-2016r2012-2015rReleasedr115rLr222
184rNrRr1966-08-31T00:00:00rNrNr5r9r2r"Jeff Frye"r"Frye, Jeff"rFRYE, JEFFr"Jeff Frye"r"Frye, Jeff"r114464rINFIELDERr2Br4r2000r2000r"Free agent"r115rRr160
185rNrLr1975-08-09T00:00:00rNrYr6r4r40r"Brian Fuentes"r"Fuentes, Brian"rFUENTES, BRIANr"Brian Fuentes"r"Fuentes, Brian"r150118rPITCHERrPr1r2002-2008r2002-2008r"Free agent"r115rLr230
186rYrRr1993-02-19T00:00:00rYrYr6r2r8rJosh FuentesrFuentes, JoshrFUENTES, JOSHrJosh FuentesrFuentes, Joshr658069rINFIELDERr1Br3r2014-2019r2015-2019rReassignedr115rRr209
187rNrLr1966-10-08T00:00:00rNrYr6r0rr"Jay Gainer"r"Gainer, Jay"rGAINER, JAYr"Jay Gainer"r"Gainer, Jay"r114519rINFIELDERr1Br3r1993r1993rActiver115rLr190
188rNrRr1961-06-18T00:00:00rNrNr6r3rr"Andres Galarraga"r"Galarraga, Andres"rGALARRAGA, ANDRESr"Andres Galarraga"r"Galarraga, Andres"r114526rINFIELDERr1Br3r1993-1997r1993-1997r"Free agent"r115rRr265
189rNrRr1965-03-02T00:00:00rNrNr6r0r3rRon GantrGant, RonrGANT, RONrRon GantrGant, Ronr114567rOUTFIELDERrLFr7r2000-2001r2001r"Traded"r115rRr195
190rNrSr1976-12-02T00:00:00rNrNr5r8r25r"Eddy Garabito"r"Garabito, Eddy"rGARABITO, EDDYr"Eddy Garabito"r"Garabito, Eddy"r408199rINFIELDERr2Br4r2005r2005r"Free agent"r115rRr200
191rNrRr1979-09-27T00:00:00rNrYr6r6r27r"Jon Garland"r"Garland, Jon"rGARLAND, JONr"Jon Garland"r"Garland, Jon"r279782rPITCHERrPr1r2013r2013rReleasedr115rRr210
192rYrRr1987-08-13T00:00:00rNrYr6r2r13r"Dustin Garneau"r"Garneau, Dustin"rGARNEAU, DUSTINr"Dustin Garneau"r"Garneau, Dustin"r572863rCATCHERrCr2r2009, 2014-2017r2014-2017rClaimedr115rRr205
193rYrRr1984-12-15T00:00:00rNrYr6r2r41r"Cole Garner"r"Garner, Cole"rGARNER, COLEr"Cole Garner"r"Garner, Cole"r451198rOUTFIELDERrLFr7r2009-2011r2009-2011r"Free agent"r115rRr215
194rYrRr1987-09-23T00:00:00rNrYr6r1r62r"Gonzalez Germen"r"Germen, Gonzalez"rGERMEN, GONZALEZr"Gonzalez Germen"r"Germen, Gonzalez"r542674rPITCHERrPr1r2015-2016r2015-2016rSignedr115rRr200
195rNrLr1971-01-08T00:00:00rNrYr6r3r23rJason GiambirGiambi, JasonrGIAMBI, JASONrJason GiambirGiambi, Jasonr114739rINFIELDERr1Br3r2009-2012r2009-2012r"Free agent"r115rRr240
196rNrRr1975-02-05T00:00:00rNrYr6r2r32r"Derrick Gibson"r"Gibson, Derrick"rGIBSON, DERRICKr"Derrick Gibson"r"Gibson, Derrick"r136763rOUTFIELDERrRFr9r1998-2000r1998-1999rSignedr115rRr245
197rYrRr1975-08-07T00:00:00rNrNr6r3r16r"Geronimo Gil"r"Gil, Geronimo"rGIL, GERONIMOr"Geronimo Gil"r"Gil, Geronimo"r282594rCATCHERrCr2r2006-2007r2007rReleasedr115rRr240
198rNrRr1964-10-14T00:00:00rNrNr5r11rr"Joe Girardi"r"Girardi, Joe"rGIRARDI, JOEr"Joe Girardi"r"Girardi, Joe"r114833rCATCHERrCr2r1993-1995r1993-1995r"Traded"r115rRr200
199rNrRr1978-01-04T00:00:00rNrNr6r5r86r"Chris Gissell"r"Gissell, Chris"rGISSELL, CHRISr"Chris Gissell"r"Gissell, Chris"r277414rPITCHERrPr1r2004, 2010r2004, 2010rSignedr115rRr210
200rNrLr1976-04-05T00:00:00rNrYr6r1r23rRoss GloadrGload, RossrGLOAD, ROSSrRoss GloadrGload, Rossr340393rOUTFIELDERrLFr7r2002r2002rSignedr115rLr190
201rYrRr1988-03-05T00:00:00rNrYr6r2r67r"Hector Gomez"r"Gomez, Hector"rGOMEZ, HECTORr"Héctor Gómez"r"Gómez, Héctor"r467143rINFIELDERrSSr6r2008-2012r2010-2012rClaimedr115rRr195
202rNrRr1960-09-03T00:00:00rNrYr6r3rrRene GonzalesrGonzales, RenerGONZALES, RENErRene GonzalesrGonzales, Rener114922rINFIELDERr3Br5r1997r1997rActiver115rRr200
203rYrLr1985-10-17T00:00:00rNrYr6r1r5r"Carlos Gonzalez"r"Gonzalez, Carlos"rGONZALEZ, CARLOSr"Carlos González"r"González, Carlos"r471865rOUTFIELDERrRFr9r2008-2018r2009-2018r"Free agent"r115rLr220
204rYrRr1992-01-15T00:00:00rYrYr6r3r50rChi Chi GonzalezrGonzalez, Chi ChirGONZALEZ, CHI CHIrChi Chi GonzálezrGonzález, Chi Chir592346rPITCHERrPr1r2018-2019r2019rActiver115rRr215
205rYrRr1983-02-23T00:00:00rNrYr6r2rr"Edgar Gonzalez"r"Gonzalez, Edgar"rGONZALEZ, EDGARr"Edgar Gonzalez"r"Gonzalez, Edgar"r429440rPITCHERrPr1r2011-2012r2011rSignedr115rRr210
206rNrRr1976-05-25T00:00:00rNrNr6r4r38r"Lariel Gonzalez"r"Gonzalez, Lariel"rGONZALEZ, LARIELr"Lariel Gonzalez"r"Gonzalez, Lariel"r136764rPITCHERrPr1r1998-1999r1998rWaivedr115rRr228
207rNrRr1979-06-26T00:00:00rNrNr5r11r3rLuis GonzalezrGonzalez, LuisrGONZALEZ, LUISrLuis GonzalezrGonzalez, Luisr430840rINFIELDERr2Br4r2004-2007, 2009r2004-2006, 2009rNRIr115rRr205
208rNrLr1972-09-30T00:00:00rNrYr5r11r1r"Curtis Goodwin"r"Goodwin, Curtis"rGOODWIN, CURTISr"Curtis Goodwin"r"Goodwin, Curtis"r114957rOUTFIELDERrCFr8r1998-1999r1998rActiver115rLr180
209rNrLr1968-07-27T00:00:00rNrNr6r0r24rTom GoodwinrGoodwin, TomrGOODWIN, TOMrTom GoodwinrGoodwin, Tomr114961rOUTFIELDERrCFr8r2000r2000r"Traded"r115rRr195
210rNrRr1967-08-14T00:00:00rNrYr6r0rr"Joe Grahe"r"Grahe, Joe"rGRAHE, JOEr"Joe Grahe"r"Grahe, Joe"r115035rPITCHERrPr1r1995r1995rActiver115rRr200
211rNrRr1963-10-24T00:00:00rNrYr6r2rr"Mark Grant"r"Grant, Mark"rGRANT, MARKr"Mark Grant"r"Grant, Mark"r115047rPITCHERrPr1r1993r1993rActiver115rRr205
212rYrRr1991-11-05T00:00:00rYrYr6r4r55r"Jon Gray"r"Gray, Jon"rGRAY, JONr"Jon Gray"r"Gray, Jon"r592351rPITCHERrPr1r2013-2019r2014-2019r60-day ILr115rRr227
213rNrRr1971-05-08T00:00:00rNrNr5r10r20r"Todd Greene"r"Greene, Todd"rGREENE, TODDr"Todd Greene"r"Greene, Todd"r115103rCATCHERrCr2r2004-2005r2004-2005r"Free agent"r115rRr210
214rYrRr1976-11-11T00:00:00rNrYr6r5r49r"Jason Grilli"r"Grilli, Jason"rGRILLI, JASONr"Jason Grilli"r"Grilli, Jason"r276351rPITCHERrPr1r2008-2009r2008-2009r"Traded"r115rRr235
215rYrLr1988-01-10T00:00:00rNrYr6r0r65r"Jason Gurka"r"Gurka, Jason"rGURKA, JASONr"Jason Gurka"r"Gurka, Jason"r543261rPITCHERrPr1r2014-2016r2015-2016rReleasedr115rLr170
216rYrRr1979-04-08T00:00:00rNrYr6r1r15r"Jeremy Guthrie"r"Guthrie, Jeremy"rGUTHRIE, JEREMYr"Jeremy Guthrie"r"Guthrie, Jeremy"r425386rPITCHERrPr1r2012r2012r"Traded"r115rRr205
217rNrRr1964-01-29T00:00:00rNrYr6r2rrJohn HabyanrHabyan, JohnrHABYAN, JOHNrJohn HabyanrHabyan, Johnr115281rPITCHERrPr1r1996r1996rActiver115rRr195
218rNrRr1974-10-06T00:00:00rNrNr6r4r51r"Luther Hackman"r"Hackman, Luther"rHACKMAN, LUTHERr"Luther Hackman"r"Hackman, Luther"r235097rPITCHERrPr1r1999r1999r"Traded"r115rRr195
219rYrRr1987-09-27T00:00:00rNrYr6r2r61rDavid HalerHale, DavidrHALE, DAVIDrDavid HalerHale, Davidr571735rPITCHERrPr1r2015-2016r2015-2016rClaimedr115rRr210
220rNrLr1964-12-03T00:00:00rNrNr6r1r--r"Darryl Hamilton"r"Hamilton, Darryl"rHAMILTON, DARRYLr"Darryl Hamilton"r"Hamilton, Darryl"r115378rOUTFIELDERrLFr7r1998-1999, 2001r1998-1999rReleasedr115rRr190
221rYrRr1982-09-02T00:00:00rNrYr6r6r46rJason HammelrHammel, JasonrHAMMEL, JASONrJason HammelrHammel, Jasonr434628rPITCHERrPr1r2009-2012r2009-2011r"Traded"r115rRr225
222rNrRr1971-03-05T00:00:00rNrNr6r0r4r"Jeffrey Hammonds"r"Hammonds, Jeffrey"rHAMMONDS, JEFFREYr"Jeffrey Hammonds"r"Hammonds, Jeffrey"r115394rOUTFIELDERrRFr9r2000r2000r"Free agent"r115rRr220
223rYrRr1994-10-10T00:00:00rYrYr5r11r1r"Garrett Hampson"r"Hampson, Garrett"rHAMPSON, GARRETTr"Garrett Hampson"r"Hampson, Garrett"r641658rINFIELDERr2Br4r2016-2019r2018-2019rActiver115rRr188
224rYrLr1980-05-24T00:00:00rNrYr6r1r47rJustin HampsonrHampson, JustinrHAMPSON, JUSTINrJustin HampsonrHampson, Justinr430618rPITCHERrPr1r2006r2006rWaivedr115rLr205
225rNrRr1972-09-09T00:00:00rNrYr5r10r10rMike HamptonrHampton, MikerHAMPTON, MIKErMike HamptonrHampton, Miker115399rPITCHERrPr1r2001-2002r2001-2002r"Traded"r115rLr195
226rYrRr1980-08-16T00:00:00rNrYr6r0r30rRyan HaniganrHanigan, RyanrHANIGAN, RYANrRyan HaniganrHanigan, Ryanr452672rCATCHERrCr2r2017r2017r"Free agent"r115rRr225
227rYrRr1971-07-15T00:00:00rNrNr6r2r49r"Tim Harikkala"r"Harikkala, Tim"rHARIKKALA, TIMr"Tim Harikkala"r"Harikkala, Tim"r115475rPITCHERrPr1r2004, 2007r2004, 2007rSignedr115rRr185
228rNrRr1966-10-25T00:00:00rNrYr6r5rr"Mike Harkey"r"Harkey, Mike"rHARKEY, MIKEr"Mike Harkey"r"Harkey, Mike"r115476rPITCHERrPr1r1994r1994rActiver115rRr220
229rNrRr1963-12-01T00:00:00rNrNr6r2rr"Greg Harris"r"Harris, Greg"rHARRIS, GREGr"Greg Harris"r"Harris, Greg"r115522rPITCHERrPr1r1993-1994r1993-1994rReleasedr115rRr190
230rNrLr1964-10-28T00:00:00rNrNr5r10r28r"Lenny Harris"r"Harris, Lenny"rHARRIS, LENNYr"Lenny Harris"r"Harris, Lenny"r115529rINFIELDERr2Br4r1999r1999r"Traded"r115rRr235
231rYrRr1984-08-28T00:00:00rNrYr6r4r48r"Will Harris"r"Harris, Will"rHARRIS, WILLr"Will Harris"r"Harris, Will"r501789rPITCHERrPr1r2012-2013r2012-2013rClaimedr115rRr240
232rNrRr1971-04-30T00:00:00rNrYr6r2rrRyan HawblitzelrHawblitzel, RyanrHAWBLITZEL, RYANrRyan HawblitzelrHawblitzel, Ryanr115623rPITCHERrPr1r1996r1996rActiver115rRr170
233rNrRr1972-12-21T00:00:00rNrYr6r5r32r"LaTroy Hawkins"r"Hawkins, LaTroy"rHAWKINS, LATROYr"LaTroy Hawkins"r"Hawkins, LaTroy"r115629rPITCHERrPr1r2006-2007, 2013-2015r2007, 2014-2015r"Traded"r115rRr220
234rNrLr1979-06-22T00:00:00rNrYr6r2r11r"Brad Hawpe"r"Hawpe, Brad"rHAWPE, BRADr"Brad Hawpe"r"Hawpe, Brad"r425547rOUTFIELDERrRFr9r2004-2010r2004-2010rReleasedr115rLr190
235rNrRr1965-05-29T00:00:00rNrNr6r0rr"Charlie Hayes"r"Hayes, Charlie"rHAYES, CHARLIEr"Charlie Hayes"r"Hayes, Charlie"r115640rINFIELDERr3Br5r1992-1994r1993-1994rReleasedr115rRr205
236rNrLr1973-08-20T00:00:00rNrYr6r2r17rTodd HeltonrHelton, ToddrHELTON, TODDrTodd HeltonrHelton, Toddr115732rINFIELDERr1Br3r1997-2013r1997-2013rActiver115rLr220
237rNrLr1968-10-07T00:00:00rNrNr6r1rr"Butch Henry"r"Henry, Butch"rHENRY, BUTCHr"Butch Henry"r"Henry, Butch"r115783rPITCHERrPr1r1992-1993r1993r"Traded"r115rLr205
238rNrLr1970-04-01T00:00:00rNrYr5r11r77r"Matt Herges"r"Herges, Matt"rHERGES, MATTr"Matt Herges"r"Herges, Matt"r150382rPITCHERrPr1r2007-2009r2007-2009r"Free agent"r115rRr205
239rNrRr1969-07-14T00:00:00rNrNr6r1r18r"Jose Hernandez"r"Hernandez, Jose"rHERNANDEZ, JOSEr"José Hernández"r"Hernández, José"r115825rINFIELDERrSSr6r2003r2003r"Traded"r115rRr190
240rNrRr1975-02-20T00:00:00rNrYr6r2r61r"Livan Hernandez"r"Hernandez, Livan"rHERNANDEZ, LIVANr"Livan Hernandez"r"Hernandez, Livan"r115817rPITCHERrPr1r2008r2008r"Free agent"r115rRr245
241rYrLr1989-04-12T00:00:00rNrYr5r10r43r"Pedro Hernandez"r"Hernandez, Pedro"rHERNANDEZ, PEDROr"Pedro Hernandez"r"Hernandez, Pedro"r517060rPITCHERrPr1r2013-2014r2014rSignedr115rLr210
242rNrRr1976-05-20T00:00:00rNrYr6r0r55r"Ramon Hernandez"r"Hernandez, Ramon"rHERNANDEZ, RAMONr"Ramon Hernandez"r"Hernandez, Ramon"r150421rCATCHERrCr2r2011-2013r2012-2013r"Traded"r115rRr220
243rYrSr1984-11-03T00:00:00rNrYr5r9r18r"Jonathan Herrera"r"Herrera, Jonathan"rHERRERA, JONATHANr"Jonathan Herrera"r"Herrera, Jonathan"r468406rINFIELDERrSSr6r2006-2013r2006-2013r"Traded"r115rRr180
244rNrLr1963-10-13T00:00:00rNrYr6r2rr"Bryan Hickerson"r"Hickerson, Bryan"rHICKERSON, BRYANr"Bryan Hickerson"r"Hickerson, Bryan"r115887rPITCHERrPr1r1995r1995rActiver115rLr200
245rNrRr1982-02-20T00:00:00rNrYr6r8r48r"Jason Hirsh"r"Hirsh, Jason"rHIRSH, JASONr"Jason Hirsh"r"Hirsh, Jason"r444865rPITCHERrPr1r2006-2009r2007-2009rSignedr115rRr250
246rNrSr1970-04-02T00:00:00rNrNr5r10r16rDenny HockingrHocking, DennyrHOCKING, DENNYrDenny HockingrHocking, Dennyr116000rINFIELDERrSSr6r2004r2004r"Free agent"r115rRr185
247rYrRr1993-01-08T00:00:00rYrYr6r5r34rJeff HoffmanrHoffman, JeffrHOFFMAN, JEFFrJeff HoffmanrHoffman, Jeffr656546rPITCHERrPr1r2015-2019r2016-2019rReassignedr115rRr227
248rYrRr1985-11-20T00:00:00rNrYr5r10r56r"Greg Holland"r"Holland, Greg"rHOLLAND, GREGr"Greg Holland"r"Holland, Greg"r518813rPITCHERrPr1r2017r2017r"Free agent"r115rRr205
249rNrLr1973-04-20T00:00:00rNrNr6r2r27r"Todd Hollandsworth"r"Hollandsworth, Todd"rHOLLANDSWORTH, TODDr"Todd Hollandsworth"r"Hollandsworth, Todd"r116075rOUTFIELDERrLFr7r2000-2002r2000-2002r"Traded"r115rLr225
250rYrRr1980-01-15T00:00:00rNrYr6r4r7rMatt HollidayrHolliday, MattrHOLLIDAY, MATTrMatt HollidayrHolliday, Mattr407812rOUTFIELDERrLFr7r2004-2008, 2018r2004-2008, 2018r"Free agent"r115rRr240
251rNrRr1966-04-25T00:00:00rNrNr6r0rr"Darren Holmes"r"Holmes, Darren"rHOLMES, DARRENr"Darren Holmes"r"Holmes, Darren"r116100rPITCHERrPr1r1992-1997r1993-1997r"Free agent"r115rRr200
252rNrRr1977-07-08T00:00:00rNrYr6r2r48r"Craig House"r"House, Craig"rHOUSE, CRAIGr"Craig House"r"House, Craig"r331633rPITCHERrPr1r2000-2002r2000r"Traded"r115rRr220
253rYrRr1993-03-05T00:00:00rYrYr6r3r61r"Sam Howard"r"Howard, Sam"rHOWARD, SAMr"Sam Howard"r"Howard, Sam"r607572rPITCHERrPr1r2014, 2017-2019r2017-2019rReassignedr115rLr170
254rNrRr1964-05-11T00:00:00rNrNr5r9rr"Trenidad Hubbard"r"Hubbard, Trenidad"rHUBBARD, TRENIDADr"Trenidad Hubbard"r"Hubbard, Trenidad"r116248rOUTFIELDERrCFr8r1994-1996r1994-1996rWaivedr115rRr200
255rYrRr1983-09-08T00:00:00rNrYr6r0r4rNick HundleyrHundley, NickrHUNDLEY, NICKrNick HundleyrHundley, Nickr460026rCATCHERrCr2r2015-2016r2015-2016r"Free agent"r115rRr203
256rNrRr1971-03-25T00:00:00rNrNr6r3r12r"Brian L. Hunter"r"Hunter, Brian L."rHUNTER, BRIAN L.r"Brian L. Hunter"r"Hunter, Brian L."r116326rOUTFIELDERrCFr8r2000r2000r"Traded"r115rRr180
257rNrLr1958-03-24T00:00:00rNrYr6r3rr"Bruce Hurst"r"Hurst, Bruce"rHURST, BRUCEr"Bruce Hurst"r"Hurst, Bruce"r116350rPITCHERrPr1r1993r1993rActiver115rLr215
258rNrRr1971-11-10T00:00:00rNrYr6r3r35rButch HuskeyrHuskey, ButchrHUSKEY, BUTCHrButch HuskeyrHuskey, Butchr116357rOUTFIELDERrRFr9r2000r2000rReassignedr115rRr244
259rNrRr1970-02-06T00:00:00rNrYr6r6rr"Mark Hutton"r"Hutton, Mark"rHUTTON, MARKr"Mark Hutton"r"Hutton, Mark"r116373rPITCHERrPr1r1997r1997rActiver115rRr240
260rYrRr1983-04-08T00:00:00rNrYr6r0r22r"Chris Iannetta"r"Iannetta, Chris"rIANNETTA, CHRISr"Chris Iannetta"r"Iannetta, Chris"r455104rCATCHERrCr2r2006-2011, 2017-2019r2006-2011, 2018-2019rReleasedr115rRr230
261rNrRr1967-08-15T00:00:00rNrNr6r3r48rMike JamesrJames, MikerJAMES, MIKErMike JamesrJames, Miker116480rPITCHERrPr1r2002r2002r"Free agent"r115rRr210
262rNrLr1969-08-01T00:00:00rNrNr6r2r38r"Kevin Jarvis"r"Jarvis, Kevin"rJARVIS, KEVINr"Kevin Jarvis"r"Jarvis, Kevin"r116496rPITCHERrPr1r2000, 2004r2000, 2004r"Free agent"r115rRr200
263rNrLr1978-07-17T00:00:00rNrYr6r2r32rJason JenningsrJennings, JasonrJENNINGS, JASONrJason JenningsrJennings, Jasonr407298rPITCHERrPr1r2001-2006r2001-2006r"Traded"r115rRr235
264rNrLr1972-04-11T00:00:00rNrNr6r2r31rRobin JenningsrJennings, RobinrJENNINGS, ROBINrRobin JenningsrJennings, Robinr116530rOUTFIELDERrLFr7r2001r2001r"Traded"r115rLr210
265rNrRr1973-07-07T00:00:00rNrNr6r3r16rJose JimenezrJimenez, JoserJIMENEZ, JOSErJose JimenezrJimenez, Joser150455rPITCHERrPr1r2000-2003r2000-2003r"Free agent"r115rRr230
266rNrRr1984-01-22T00:00:00rNrYr6r5r38rUbaldo JimenezrJimenez, UbaldorJIMENEZ, UBALDOrUbaldo JiménezrJiménez, Ubaldor434622rPITCHERrPr1r2006-2011r2006-2011r"Traded"r115rRr210
267rYrRr1983-08-24T00:00:00rNrYr6r1r47rAlan JohnsonrJohnson, AlanrJOHNSON, ALANrAlan JohnsonrJohnson, Alanr489567rPITCHERrPr1r2010-2011r2011rSignedr115rRr180
268rNrRr1971-07-20T00:00:00rNrNr6r3r23r"Charles Johnson"r"Johnson, Charles"rJOHNSON, CHARLESr"Charles Johnson"r"Johnson, Charles"r116569rCATCHERrCr2r2003-2004r2003-2004rReleasedr115rRr225
269rYrLr1989-08-30T00:00:00rYrYr6r4r63rDJ JohnsonrJohnson, DJrJOHNSON, DJrDJ JohnsonrJohnson, DJr597113rPITCHERrPr1r2016-2019r2017-2019rActiver115rRr230
270rNrSr1960-11-29T00:00:00rNrYr5r11rr"Howard Johnson"r"Johnson, Howard"rJOHNSON, HOWARDr"Howard Johnson"r"Johnson, Howard"r116593rOUTFIELDERrOFrOr1994r1994rActiver115rRr178
271rNrRr1972-04-11T00:00:00rNrNr6r0r36rBobby JonesrJones, BobbyrJONES, BOBBYrBobby JonesrJones, Bobbyr116718rPITCHERrPr1r1997-2000r1997-1999r"Traded"r115rLr170
272rNrRr1965-12-16T00:00:00rNrNr6r2rr"Chris Jones"r"Jones, Chris"rJONES, CHRISr"Chris Jones"r"Jones, Chris"r116671rOUTFIELDERrCFr8r1993-1994r1993-1994r"Free agent"r115rRr205
273rNrSr1971-02-15T00:00:00rNrYr5r10rr"Terry Jones"r"Jones, Terry"rJONES, TERRYr"Terry Jones"r"Jones, Terry"r116730rOUTFIELDERrOFrOr1996r1996rActiver115rRr170
274rNrLr1968-04-24T00:00:00rNrYr6r3r59rTodd JonesrJones, ToddrJONES, TODDrTodd JonesrJones, Toddr116734rPITCHERrPr1r2002-2003r2002-2003rReleasedr115rRr230
275rYrRr1979-03-03T00:00:00rNrYr6r1r50r"Jorge Julio"r"Julio, Jorge"rJULIO, JORGEr"Jorge Julio"r"Julio, Jorge"r406402rPITCHERrPr1r2007r2007r"Free agent"r115rRr225
276rYrRr1986-01-29T00:00:00rNrYr6r1r41r"Jair Jurrjens"r"Jurrjens, Jair"rJURRJENS, JAIRr"Jair Jurrjens"r"Jurrjens, Jair"r457453rPITCHERrPr1r2014-2015r2014-2015rNRIr115rRr200
277rYrRr1989-08-07T00:00:00rNrYr6r1r54rTommy KahnlerKahnle, TommyrKAHNLE, TOMMYrTommy KahnlerKahnle, Tommyr592454rPITCHERrPr1r2013-2015r2014-2015r"Traded"r115rRr235
278rNrRr1975-07-31T00:00:00rNrYr6r2r19r"Gabe Kapler"r"Kapler, Gabe"rKAPLER, GABEr"Gabe Kapler"r"Kapler, Gabe"r137002rOUTFIELDERrLFr7r2002-2003r2002-2003rReleasedr115rRr190
279rNrLr1971-08-09T00:00:00rNrNr6r2r19r"Scott Karl"r"Karl, Scott"rKARL, SCOTTr"Scott Karl"r"Karl, Scott"r116845rPITCHERrPr1r1999-2000r2000rWaivedr115rLr205
280rNrRr1970-06-02T00:00:00rNrYr6r4rrMike KellyrKelly, MikerKELLY, MIKErMike KellyrKelly, Miker116954rOUTFIELDERrRFr9r1999r1999r"Free agent"r115rRr195
281rYrRr1984-08-26T00:00:00rNrYr6r3r38r"Kyle Kendrick"r"Kendrick, Kyle"rKENDRICK, KYLEr"Kyle Kendrick"r"Kendrick, Kyle"r452718rPITCHERrPr1r2015r2015r"Free agent"r115rRr220
282rNrRr1979-05-24T00:00:00rNrYr6r4r37rJoe KennedyrKennedy, JoerKENNEDY, JOErJoe KennedyrKennedy, Joer406773rPITCHERrPr1r2004-2005r2004-2005r"Traded"r115rLr250
283rYrRr1982-07-03T00:00:00rNrYr6r1r56rLogan KensingrKensing, LoganrKENSING, LOGANrLogan KensingrKensing, Loganr434137rPITCHERrPr1r2012-2013r2013rSignedr115rRr190
284rNrRr1982-06-11T00:00:00rNrYr6r5r25rBob KeppelrKeppel, BobrKEPPEL, BOBrBob KeppelrKeppel, Bobr430670rPITCHERrPr1r2006-2007r2007rWaivedr115rRr215
285rNrLr1972-06-06T00:00:00rNrNr6r4r55r"Brooks Kieschnick"r"Kieschnick, Brooks"rKIESCHNICK, BROOKSr"Brooks Kieschnick"r"Kieschnick, Brooks"r117044rINFIELDERr1Br3r2000-2001r2001r"Free agent"r115rRr250
286rNrRr1968-12-02T00:00:00rNrYr6r5r57r"Darryl Kile"r"Kile, Darryl"rKILE, DARRYLr"Darryl Kile"r"Kile, Darryl"r117046rPITCHERrPr1r1998-1999r1998-1999rWaivedr115rRr210
287rYrRr1979-01-19T00:00:00rNrYr5r9r49rByung-Hyun KimrKim, Byung-HyunrKIM, BYUNG-HYUNrByung-Hyun KimrKim, Byung-Hyunr218294rPITCHERrPr1r2005-2007r2005-2007r"Traded"r115rRr175
288rNrRr1977-09-04T00:00:00rNrNr6r2r51rSun-Woo KimrKim, Sun-WoorKIM, SUN-WOOrSun-Woo KimrKim, Sun-Woor279615rPITCHERrPr1r2005-2006r2005-2006rWaivedr115rRr180
289rNrLr1974-01-15T00:00:00rNrYr6r0r56rRay KingrKing, RayrKING, RAYrRay KingrKing, Rayr150037rPITCHERrPr1r2006r2006r"Free agent"r115rLr250
290rNrLr1961-03-29T00:00:00rNrYr6r0rr"Mike Kingery"r"Kingery, Mike"rKINGERY, MIKEr"Mike Kingery"r"Kingery, Mike"r117090rOUTFIELDERrOFrOr1994-1995r1994-1995rActiver115rLr180
291rNrRr1960-10-28T00:00:00rNrYr6r5rr"Mark Knudson"r"Knudson, Mark"rKNUDSON, MARKr"Mark Knudson"r"Knudson, Mark"r117218rPITCHERrPr1r1993r1993rActiver115rRr215
292rNrLr1982-05-26T00:00:00rNrYr6r4r47rJoe KoshanskyrKoshansky, JoerKOSHANSKY, JOErJoe KoshanskyrKoshansky, Joer459423rINFIELDERr1Br3r2006-2009r2006-2009rWaivedr115rLr230
293rNrRr1981-07-25T00:00:00rNrYr6r1r15rKevin KouzmanoffrKouzmanoff, KevinrKOUZMANOFF, KEVINrKevin KouzmanoffrKouzmanoff, Kevinr450260rINFIELDERr3Br5r2011r2011r"Free agent"r115rRr210
294rNrRr1973-04-02T00:00:00rNrNr6r2r48r"Marc Kroon"r"Kroon, Marc"rKROON, MARCr"Marc Kroon"r"Kroon, Marc"r117327rPITCHERrPr1r2004r2004r"Free agent"r115rRr190
295rYrLr1985-04-15T00:00:00rNrYr5r11r34r"Aaron Laffey"r"Laffey, Aaron"rLAFFEY, AARONr"Aaron Laffey"r"Laffey, Aaron"r444836rPITCHERrPr1r2014-2015r2015rSignedr115rLr190
296rYrRr1997-04-18T00:00:00rYrYr6r2r23r"Peter Lambert"r"Lambert, Peter"rLAMBERT, PETERr"Peter Lambert"r"Lambert, Peter"r663567rPITCHERrPr1r2015, 2018-2019r2018-2019rActiver115rRr185
297rNrRr1968-04-03T00:00:00rNrYr6r0r3rMike LansingrLansing, MikerLANSING, MIKErMike LansingrLansing, Miker117491rINFIELDERr2Br4r1998-2000r1998-2000rActiver115rRr195
298rNrRr1971-06-03T00:00:00rNrYr6r2r18r"Aaron Ledesma"r"Ledesma, Aaron"rLEDESMA, AARONr"Aaron Ledesma"r"Ledesma, Aaron"r117597rINFIELDERr3Br5r1999-2000r2000rReleasedr115rRr200
299rNrRr1973-03-12T00:00:00rNrNr6r1r51rDavid LeerLee, DavidrLEE, DAVIDrDavid LeerLee, Davidr150049rPITCHERrPr1r1999-2001r1999-2000r"Traded"r115rRr200
300rYrRr1988-07-13T00:00:00rNrYr6r4r9rDJ LeMahieurLeMahieu, DJrLEMAHIEU, DJrDJ LeMahieurLeMahieu, DJr518934rINFIELDERr2Br4r2011-2018r2012-2018r"Free agent"r115rRr215
301rNrRr1968-04-02T00:00:00rNrNr6r0r16r"Curt Leskanic"r"Leskanic, Curt"rLESKANIC, CURTr"Curt Leskanic"r"Leskanic, Curt"r117710rPITCHERrPr1r1993-1999r1993-1999r"Traded"r115rRr185
302rNrRr1980-02-11T00:00:00rNrYr6r3r27r"Matt Lindstrom"r"Lindstrom, Matt"rLINDSTROM, MATTr"Matt Lindstrom"r"Lindstrom, Matt"r434637rPITCHERrPr1r2010-2012r2011r"Traded"r115rRr215
303rNrSr1964-06-03T00:00:00rNrNr5r10rr"Nelson Liriano"r"Liriano, Nelson"rLIRIANO, NELSONr"Nelson Liriano"r"Liriano, Nelson"r117810rINFIELDERr2Br4r1992-1994, 1997-1998r1993-1994, 1998r"Free agent"r115rRr170
304rNrRr1972-07-11T00:00:00rNrNr6r0r19r"Mark Little"r"Little, Mark"rLITTLE, MARKr"Mark Little"r"Little, Mark"r150458rOUTFIELDERrCFr8r2001-2002r2001-2002r"Traded"r115rRr190
305rYrRr1984-08-13T00:00:00rNrYr6r5r48rBoone LoganrLogan, BoonerLOGAN, BOONErBoone LoganrLogan, Booner457429rPITCHERrPr1r2013-2016r2014-2016r"Free agent"r115rLr215
306rNrRr1975-04-21T00:00:00rNrYr6r3r51rAquilino LopezrLopez, AquilinorLOPEZ, AQUILINOrAquilino LopezrLopez, Aquilinor425658rPITCHERrPr1r2005r2005rWaivedr115rRr185
307rNrLr1977-07-11T00:00:00rNrYr6r4r45r"Javier Lopez"r"Lopez, Javier"rLOPEZ, JAVIERr"Javier López"r"López, Javier"r425657rPITCHERrPr1r2003-2005r2003-2005rWaivedr115rLr220
308rNrRr1983-11-24T00:00:00rNrYr6r0r22rJose LopezrLopez, JoserLOPEZ, JOSErJose LopezrLopez, Joser430946rINFIELDERr3Br5r2010-2011r2011rReleasedr115rRr205
309rNrRr1975-12-14T00:00:00rNrYr6r1r31r"Rodrigo Lopez"r"Lopez, Rodrigo"rLOPEZ, RODRIGOr"Rodrigo Lopez"r"Lopez, Rodrigo"r150438rPITCHERrPr1r2007r2007r"Free agent"r115rRr185
310rYrRr1983-07-19T00:00:00rNrYr6r0r59rWilton LopezrLopez, WiltonrLOPEZ, WILTONrWilton LopezrLopez, Wiltonr446641rPITCHERrPr1r2012-2014r2013-2014rSignedr115rRr200
311rNrRr1971-03-29T00:00:00rNrNr6r2r52rSean LowerLowe, SeanrLOWE, SEANrSean LowerLowe, Seanr117957rPITCHERrPr1r2002r2002r"Free agent"r115rRr225
312rYrRr1986-06-13T00:00:00rNrYr6r0r21r"Jonathan Lucroy"r"Lucroy, Jonathan"rLUCROY, JONATHANr"Jonathan Lucroy"r"Lucroy, Jonathan"r518960rCATCHERrCr2r2017r2017r"Free agent"r115rRr200
313rYrRr1990-10-19T00:00:00rNrYr6r5r24r"Jordan Lyles"r"Lyles, Jordan"rLYLES, JORDANr"Jordan Lyles"r"Lyles, Jordan"r543475rPITCHERrPr1r2013-2017r2014-2017rReleasedr115rRr230
314rNrLr1970-10-17T00:00:00rNrNr6r4r47r"John Mabry"r"Mabry, John"rMABRY, JOHNr"John Mabry"r"Mabry, John"r118065rINFIELDERr3Br5r2007r2007rReleasedr115rRr210
315rYrSr1981-01-25T00:00:00rNrNr6r0r1r"Anderson Machado"r"Machado, Anderson"rMACHADO, ANDERSONr"Anderson Machado"r"Machado, Anderson"r407785rINFIELDERrSSr6r2005r2005rSignedr115rRr189
316rYrRr1985-01-16T00:00:00rNrYr6r2r50rJeff ManshiprManship, JeffrMANSHIP, JEFFrJeff ManshiprManship, Jeffr453249rPITCHERrPr1r2012-2013r2013rSignedr115rRr205
317rNrRr1964-08-23T00:00:00rNrYr6r3r23rJeff MantorManto, JeffrMANTO, JEFFrJeff MantorManto, Jeffr118259rINFIELDERr3Br5r1999-2000r2000rReleasedr115rRr210
318rNrRr1965-07-15T00:00:00rNrNr5r11r8r"Kirt Manwaring"r"Manwaring, Kirt"rMANWARING, KIRTr"Kirt Manwaring"r"Manwaring, Kirt"r118267rCATCHERrCr2r1996-1999r1997-1999r"Free agent"r115rRr190
319rYrRr1995-02-22T00:00:00rYrYr6r1r48r"German Marquez"r"Marquez, German"rMARQUEZ, GERMANr"German Márquez"r"Márquez, German"r608566rPITCHERrPr1r2016-2019r2016-2019rActiver115rRr225
320rNrLr1978-08-21T00:00:00rNrYr6r1r21r"Jason Marquis"r"Marquis, Jason"rMARQUIS, JASONr"Jason Marquis"r"Marquis, Jason"r150302rPITCHERrPr1r2009r2009r"Free agent"r115rRr220
321rNrRr1973-11-17T00:00:00rNrNr6r1r16r"Eli Marrero"r"Marrero, Eli"rMARRERO, ELIr"Eli Marrero"r"Marrero, Eli"r118305rOUTFIELDERrLFr7r2006r2006r"Traded"r115rRr200
322rYrRr1986-06-02T00:00:00rNrYr6r8r47r"Chris Martin"r"Martin, Chris"rMARTIN, CHRISr"Chris Martin"r"Martin, Chris"r455119rPITCHERrPr1r2013-2015r2014r"Traded"r115rRr215
323rNrLr1970-05-21T00:00:00rNrYr6r1r39r"Tom Martin"r"Martin, Tom"rMARTIN, TOMr"Tom Martin"r"Martin, Tom"r118353rPITCHERrPr1r2006-2007r2006-2007r"Free agent"r115rLr215
324rYrRr1982-05-17T00:00:00rNrYr6r5r37rNick MassetrMasset, NickrMASSET, NICKrNick MassetrMasset, Nickr434665rPITCHERrPr1r2014r2014r"Free agent"r115rRr225
325rNrSr1975-10-23T00:00:00rNrYr5r10rrKazuo MatsuirMatsui, KazuorMATSUI, KAZUOrKazuo MatsuirMatsui, Kazuor430565rINFIELDERr2Br4r2006-2007, 2010r2006-2007rSignedr115rRr187
326rYrLr1990-10-19T00:00:00rNrYr6r3r41r"Tyler Matzek"r"Matzek, Tyler"rMATZEK, TYLERr"Tyler Matzek"r"Matzek, Tyler"r554431rPITCHERrPr1r2009, 2013-2016r2014-2016rSignedr115rLr230
327rNrLr1968-04-19T00:00:00rNrNr6r1r8r"Brent Mayne"r"Mayne, Brent"rMAYNE, BRENTr"Brent Mayne"r"Mayne, Brent"r118490rCATCHERrCr2r2000-2001r2000-2001r"Traded"r115rRr190
328rYrRr1985-05-23T00:00:00rNrYr6r2r12r"Matt McBride"r"McBride, Matt"rMCBRIDE, MATTr"Matt McBride"r"McBride, Matt"r473724rOUTFIELDERrRFr9r2012-2015r2012-2015rSignedr115rRr215
329rNrRr1978-11-25T00:00:00rNrYr6r5r46rZach McClellanrMcClellan, ZachrMCCLELLAN, ZACHrZach McClellanrMcClellan, Zachr444886rPITCHERrPr1r2006-2008r2006-2007rNRIr115rRr190
330rYrRr1981-04-02T00:00:00rNrYr5r9r18rMike McCoyrMcCoy, MikerMCCOY, MIKErMike McCoyrMcCoy, Miker453454rINFIELDERrSSr6r2009r2009rWaivedr115rRr180
331rNrSr1970-08-16T00:00:00rNrYr5r8rr"Quinton McCracken"r"McCracken, Quinton"rMCCRACKEN, QUINTONr"Quinton McCracken"r"McCracken, Quinton"r118609rOUTFIELDERrCFr8r1995-1997r1995-1997rWaivedr115rRr185
332rNrRr1970-01-21T00:00:00rNrYr6r7rr"Jeff McCurry"r"McCurry, Jeff"rMCCURRY, JEFFr"Jeff McCurry"r"McCurry, Jeff"r118623rPITCHERrPr1r1997r1997rActiver115rRr210
333rNrLr1967-10-01T00:00:00rNrYr6r0r23r"Chuck McElroy"r"McElroy, Chuck"rMCELROY, CHUCKr"Chuck McElroy"r"McElroy, Chuck"r118660rPITCHERrPr1r1998-1999r1998-1999r"Traded"r115rLr205
334rYrLr1986-08-06T00:00:00rYrYr6r4r51rJake McGeerMcGee, JakerMCGEE, JAKErJake McGeerMcGee, Jaker459429rPITCHERrPr1r2016-2019r2016-2019rActiver115rLr237
335rYrRr1987-06-19T00:00:00rNrYr6r2r43rCollin McHughrMcHugh, CollinrMCHUGH, COLLINrCollin McHughrMcHugh, Collinr543521rPITCHERrPr1r2013r2013rClaimedr115rRr190
336rNrRr1972-01-17T00:00:00rNrNr6r2r26rWalt McKeelrMcKeel, WaltrMCKEEL, WALTrWalt McKeelrMcKeel, Waltr118771rCATCHERrCr2r2001-2002r2002r"Free agent"r115rRr200
337rYrRr1985-03-04T00:00:00rNrYr5r10r8r"Michael McKenry"r"McKenry, Michael"rMCKENRY, MICHAELr"Michael McKenry"r"McKenry, Michael"r502374rCATCHERrCr2r2008-2011, 2014-2015r2008-2011, 2014-2015rSignedr115rRr205
338rYrLr1994-12-14T00:00:00rYrYr6r2r24rRyan McMahonrMcMahon, RyanrMCMAHON, RYANrRyan McMahonrMcMahon, Ryanr641857rINFIELDERr2Br4r2013, 2015-2019r2015-2019rActiver115rRr208
339rNrSr1967-08-27T00:00:00rNrYr6r0r56r"Brian McRae"r"McRae, Brian"rMCRAE, BRIANr"Brian McRae"r"McRae, Brian"r118871rOUTFIELDERrCFr8r1999r1999rWaivedr115rRr185
340rNrRr1972-04-14T00:00:00rNrYr5r10rr"Roberto Mejia"r"Mejia, Roberto"rMEJIA, ROBERTOr"Roberto Mejia"r"Mejia, Roberto"r118925rINFIELDERr2Br4r1993-1995r1993-1995rActiver115rRr180
341rNrSr1972-03-27T00:00:00rNrYr6r2r16rAdam MelhuserMelhuse, AdamrMELHUSE, ADAMrAdam MelhuserMelhuse, Adamr282597rCATCHERrCr2r2000-2001, 2008r2000-2001, 2008r"Free agent"r115rRr210
342rYrRr1989-10-09T00:00:00rYrYr6r4r38rTim MelvillerMelville, TimrMELVILLE, TIMrTim MelvillerMelville, Timr543532rPITCHERrPr1r2019r2019rActiver115rRr225
343rNrLr1974-11-04T00:00:00rNrNr5r11r29r"Carlos Mendoza"r"Mendoza, Carlos"rMENDOZA, CARLOSr"Carlos Mendoza"r"Mendoza, Carlos"r118943rOUTFIELDERrLFr7r2000r2000r"Free agent"r115rLr165
344rNrLr1968-02-01T00:00:00rNrYr6r2r54r"Kent Mercker"r"Mercker, Kent"rMERCKER, KENTr"Kent Mercker"r"Mercker, Kent"r118967rPITCHERrPr1r2002r2002r"Free agent"r115rLr205
345rNrRr1966-05-22T00:00:00rNrYr6r3r49rJose MesarMesa, JoserMESA, JOSErJose MesarMesa, Joser118986rPITCHERrPr1r2006r2006r"Free agent"r115rRr235
346rNrRr1970-09-09T00:00:00rNrNr6r0r58rDan MicelirMiceli, DanrMICELI, DANrDan MicelirMiceli, Danr119023rPITCHERrPr1r2001, 2003, 2005r2001, 2003, 2005r"Free agent"r115rRr230
347rNrSr1976-12-15T00:00:00rNrYr5r8r6r"Aaron Miles"r"Miles, Aaron"rMILES, AARONr"Aaron Miles"r"Miles, Aaron"r425446rINFIELDERr2Br4r2004-2005r2004-2005r"Traded"r115rRr180
348rYrRr1982-04-28T00:00:00rNrYr6r1r50r"Jim Miller"r"Miller, Jim"rMILLER, JIMr"Jim Miller"r"Miller, Jim"r461848rPITCHERrPr1r2006, 2011r2006, 2011r"Free agent"r115rRr200
349rYrRr1987-06-13T00:00:00rNrYr6r3r60r"Justin Miller"r"Miller, Justin"rMILLER, JUSTINr"Justin Miller"r"Miller, Justin"r502522rPITCHERrPr1r2014-2016r2015-2016rSignedr115rRr215
350rNrRr1971-11-23T00:00:00rNrYr6r3r46r"Matt Miller"r"Miller, Matt"rMILLER, MATTr"Matt Miller"r"Miller, Matt"r285080rPITCHERrPr1r2003r2003r"Free agent"r115rRr215
351rNrRr1974-12-24T00:00:00rNrYr6r4r40rKevin MillwoodrMillwood, KevinrMILLWOOD, KEVINrKevin MillwoodrMillwood, Kevinr119154rPITCHERrPr1r2011r2011r"Free agent"r115rRr230
352rNrRr1969-08-31T00:00:00rNrYr6r8rrNate MincheyrMinchey, NaterMINCHEY, NATErNate MincheyrMinchey, Nater119168rPITCHERrPr1r1997r1997rActiver115rRr225
353rYrRr1976-06-19T00:00:00rNrNr6r1r22r"Dustan Mohr"r"Mohr, Dustan"rMOHR, DUSTANr"Dustan Mohr"r"Mohr, Dustan"r407380rOUTFIELDERrRFr9r2005r2005r"Free agent"r115rRr210
354rNrSr1970-11-02T00:00:00rNrYr6r5rr"Marcus Moore"r"Moore, Marcus"rMOORE, MARCUSr"Marcus Moore"r"Moore, Marcus"r119311rPITCHERrPr1r1993-1994r1993-1994rActiver115rRr195
355rNrRr1972-02-07T00:00:00rNrYr5r11r6r"Melvin Mora"r"Mora, Melvin"rMORA, MELVINr"Melvin Mora"r"Mora, Melvin"r206551rINFIELDERr3Br5r2010r2010r"Free agent"r115rRr200
356rNrLr1986-01-24T00:00:00rNrYr6r1r56r"Franklin Morales"r"Morales, Franklin"rMORALES, FRANKLINr"Franklin Morales"r"Morales, Franklin"r462985rPITCHERrPr1r2007-2011, 2013-2014r2007-2011, 2014r"Free agent"r115rLr210
357rYrSr1983-02-20T00:00:00rNrYr5r11r26r"Jose Morales"r"Morales, Jose"rMORALES, JOSEr"Jose Morales"r"Morales, Jose"r458643rCATCHERrCr2r2010-2011r2011rSignedr115rRr200
358rNrRr1983-11-05T00:00:00rNrYr6r3r52r"Juan Morillo"r"Morillo, Juan"rMORILLO, JUANr"Juan Morillo"r"Morillo, Juan"r434623rPITCHERrPr1r2006-2009r2006-2009rWaivedr115rRr190
359rNrLr1981-05-15T00:00:00rNrYr6r4r33r"Justin Morneau"r"Morneau, Justin"rMORNEAU, JUSTINr"Justin Morneau"r"Morneau, Justin"r408047rINFIELDERr1Br3r2013-2015r2014-2015r"Free agent"r115rRr220
360rYrRr1985-04-10T00:00:00rNrYr6r4r59r"Clayton Mortensen"r"Mortensen, Clayton"rMORTENSEN, CLAYTONr"Clayton Mortensen"r"Mortensen, Clayton"r489150rPITCHERrPr1r2011-2012r2011r"Traded"r115rRr185
361rYrRr1983-11-14T00:00:00rNrYr6r1r56r"Guillermo Moscoso"r"Moscoso, Guillermo"rMOSCOSO, GUILLERMOr"Guillermo Moscoso"r"Moscoso, Guillermo"r446861rPITCHERrPr1r2012r2012rClaimedr115rRr200
362rNrRr1982-06-22T00:00:00rNrYr6r0r30rJason MotterMotte, JasonrMOTTE, JASONrJason MotterMotte, Jasonr435400rPITCHERrPr1r2015-2017r2016-2017rReleasedr115rRr205
363rNrLr1962-11-18T00:00:00rNrYr6r0r50r"Jamie Moyer"r"Moyer, Jamie"rMOYER, JAMIEr"Jamie Moyer"r"Moyer, Jamie"r119469rPITCHERrPr1r2012r2012rReleasedr115rLr185
364rNrLr1965-07-12T00:00:00rNrYr6r2rrMike MunozrMunoz, MikerMUNOZ, MIKErMike MunozrMunoz, Miker119525rPITCHERrPr1r1993-1998r1993-1998rReleasedr115rLr200
365rNrRr1956-03-12T00:00:00rNrYr6r5rr"Dale Murphy"r"Murphy, Dale"rMURPHY, DALEr"Dale Murphy"r"Murphy, Dale"r119545rOUTFIELDERrOFrOr1993r1993rActiver115rRr215
366rYrLr1985-04-01T00:00:00rYrYr6r1r9r"Daniel Murphy"r"Murphy, Daniel"rMURPHY, DANIELr"Daniel Murphy"r"Murphy, Daniel"r502517rINFIELDERr1Br3r2018-2019r2019rActiver115rRr221
367rYrRr1991-04-03T00:00:00rNrYr6r1r23r"Tom Murphy"r"Murphy, Tom"rMURPHY, TOMr"Tom Murphy"r"Murphy, Tom"r608596rCATCHERrCr2r2012, 2014-2019r2014-2019rClaimedr115rRr218
368rYrRr1981-10-03T00:00:00rNrYr6r1r14r"Matt Murton"r"Murton, Matt"rMURTON, MATTr"Matt Murton"r"Murton, Matt"r444875rOUTFIELDERrRFr9r2009r2009rReleasedr115rRr220
369rYrLr1992-03-03T00:00:00rNrYr6r1r59r"Harrison Musgrave"r"Musgrave, Harrison"rMUSGRAVE, HARRISONr"Harrison Musgrave"r"Musgrave, Harrison"r643466rPITCHERrPr1r2014, 2016-2019r2016-2019rSignedr115rLr206
370rNrLr1969-06-26T00:00:00rNrNr6r3r28r"Mike Myers"r"Myers, Mike"rMYERS, MIKEr"Mike Myers"r"Myers, Mike"r119624rPITCHERrPr1r2000-2001r2000-2001r"Traded"r115rLr220
371rNrLr1968-09-13T00:00:00rNrNr6r3r15rDenny NeaglerNeagle, DennyrNEAGLE, DENNYrDenny NeaglerNeagle, Dennyr119673rPITCHERrPr1r2001-2003r2001-2003rReleasedr115rLr225
372rYrLr1978-04-06T00:00:00rNrNr6r5r39rBlaine NealrNeal, BlainerNEAL, BLAINErBlaine NealrNeal, Blainer346862rPITCHERrPr1r2005r2005r"Free agent"r115rRr240
373rYrRr1985-09-03T00:00:00rNrYr5r11r95r"Chris Nelson"r"Nelson, Chris"rNELSON, CHRISr"Chris Nelson"r"Nelson, Chris"r455126rINFIELDERr3Br5r2008-2013, 2016r2008-2013, 2016rSignedr115rRr205
374rYrSr1980-09-04T00:00:00rNrYr6r3r37rPat NeshekrNeshek, PatrNESHEK, PATrPat NeshekrNeshek, Patr450212rPITCHERrPr1r2017r2017r"Free agent"r115rRr220
375rNrLr1982-06-11T00:00:00rNrYr6r1r45rJosh NewmanrNewman, JoshrNEWMAN, JOSHrJosh NewmanrNewman, Joshr456682rPITCHERrPr1r2007-2008r2007-2008rWaivedr115rLr200
376rYrRr1986-08-31T00:00:00rNrYr6r4r12rJuan NicasiorNicasio, JuanrNICASIO, JUANrJuan NicasiorNicasio, Juanr504379rPITCHERrPr1r2009-2014r2010-2014r"Traded"r115rRr252
377rNrRr1966-05-13T00:00:00rNrNr6r2r47r"Chris Nichting"r"Nichting, Chris"rNICHTING, CHRISr"Chris Nichting"r"Nichting, Chris"r119775rPITCHERrPr1r2001-2002r2001-2002r"Free agent"r115rRr220
378rNrRr1968-12-22T00:00:00rNrYr6r2rrDavid NiedrNied, DavidrNIED, DAVIDrDavid NiedrNied, Davidr119780rPITCHERrPr1r1993-1996r1993-1996rActiver115rRr185
379rYrRr1977-09-25T00:00:00rNrYr5r11r41rWil NievesrNieves, WilrNIEVES, WILrWil NievesrNieves, Wilr408242rCATCHERrCr2r2011-2012r2012rReleasedr115rRr190
380rYrRr1982-08-26T00:00:00rNrYr5r11r4rJayson NixrNix, JaysonrNIX, JAYSONrJayson NixrNix, Jaysonr434624rINFIELDERr2Br4r2006-2008r2006-2008rSignedr115rRr195
381rNrLr1963-10-31T00:00:00rNrYr6r1rrMatt NokesrNokes, MattrNOKES, MATTrMatt NokesrNokes, Mattr119820rCATCHERrCr2r1995r1995rActiver115rRr185
382rNrSr1972-07-06T00:00:00rNrYr6r1r14r"Greg Norton"r"Norton, Greg"rNORTON, GREGr"Greg Norton"r"Norton, Greg"r119853rINFIELDERr3Br5r2001-2003r2001-2003r"Free agent"r115rRr205
383rYrLr1995-01-17T00:00:00rYrYr6r0r58rDom NunezrNunez, DomrNUNEZ, DOMrDom NuñezrNuñez, Domr624513rCATCHERrCr2r2013, 2015-2019r2015-2019rActiver115rRr175
384rNrRr1975-03-15T00:00:00rNrYr6r4r24r"Vladimir Nunez"r"Nunez, Vladimir"rNUNEZ, VLADIMIRr"Vladimir Nunez"r"Nunez, Vladimir"r136727rPITCHERrPr1r2004r2004r"Free agent"r115rRr240
385rYrRr1990-03-13T00:00:00rYrYr6r2r45r"Scott Oberg"r"Oberg, Scott"rOBERG, SCOTTr"Scott Oberg"r"Oberg, Scott"r623184rPITCHERrPr1r2012, 2014-2019r2014-2019r60-day ILr115rRr203
386rNrRr1972-03-29T00:00:00rNrNr6r0r3rAlex OchoarOchoa, AlexrOCHOA, ALEXrAlex OchoarOchoa, Alexr119913rOUTFIELDERrRFr9r2001-2002r2001r"Traded"r115rRr200
387rYrRr1982-07-15T00:00:00rNrYr5r10r18rSeunghwan OhrOh, SeunghwanrOH, SEUNGHWANrSeunghwan OhrOh, Seunghwanr493200rPITCHERrPr1r2018-2019r2018-2019rReleasedr115rRr205
388rYrRr1975-01-29T00:00:00rNrYr6r1r20rMiguel OjedarOjeda, MiguelrOJEDA, MIGUELrMiguel OjedarOjeda, Miguelr425864rCATCHERrCr2r2006r2006r"Traded"r115rRr230
389rNrRr1967-07-06T00:00:00rNrNr6r1rr"Omar Olivares"r"Olivares, Omar"rOLIVARES, OMARr"Omar Olivares"r"Olivares, Omar"r119982rPITCHERrPr1r1995r1995rWaivedr115rRr205
390rNrRr1970-10-06T00:00:00rNrYr6r3r37r"Darren Oliver"r"Oliver, Darren"rOLIVER, DARRENr"Darren Oliver"r"Oliver, Darren"r119984rPITCHERrPr1r2003r2003r"Free agent"r115rLr250
391rNrRr1978-07-15T00:00:00rNrYr6r0r21rMiguel OlivorOlivo, MiguelrOLIVO, MIGUELrMiguel OlivorOlivo, Miguelr400018rCATCHERrCr2r2010r2010r"Traded"r115rRr230
392rNrRr1978-08-01T00:00:00rNrNr6r2rrTim OlsonrOlson, TimrOLSON, TIMrTim OlsonrOlson, Timr425633rINFIELDERr3Br5r2005, 2007r2005, 2007rSignedr115rRr200
393rYrLr1991-05-15T00:00:00rNrYr5r11r47r"Rafael Ortega"r"Ortega, Rafael"rORTEGA, RAFAELr"Rafael Ortega"r"Ortega, Rafael"r542364rOUTFIELDERrCFr8r2008, 2012-2013r2012-2013rClaimedr115rRr160
394rNrRr1977-06-13T00:00:00rNrNr5r9r12r"Jose Ortiz"r"Ortiz, Jose"rORTIZ, JOSEr"Jose Ortiz"r"Ortiz, Jose"r276515rINFIELDERr2Br4r2001-2002r2001-2002rReleasedr115rRr177
395rNrRr1973-05-23T00:00:00rNrYr6r0r44r"Ramon Ortiz"r"Ortiz, Ramon"rORTIZ, RAMONr"Ramon Ortiz"r"Ortiz, Ramon"r150009rPITCHERrPr1r2007r2007r"Free agent"r115rRr175
396rNrRr1977-08-29T00:00:00rNrYr6r0r44rRoy OswaltrOswalt, RoyrOSWALT, ROYrRoy OswaltrOswalt, Royr400061rPITCHERrPr1r2013r2013rActiver115rRr190
397rYrSr1985-11-22T00:00:00rNrYr6r5r0rAdam OttavinorOttavino, AdamrOTTAVINO, ADAMrAdam OttavinorOttavino, Adamr493603rPITCHERrPr1r2012-2018r2012-2018r"Free agent"r115rRr220
398rYrLr1984-09-14T00:00:00rNrYr6r1r88rJosh OutmanrOutman, JoshrOUTMAN, JOSHrJosh OutmanrOutman, Joshr489189rPITCHERrPr1r2012-2013r2012-2013r"Traded"r115rLr205
399rNrRr1969-02-10T00:00:00rNrYr6r1rrJayhawk OwensrOwens, JayhawkrOWENS, JAYHAWKrJayhawk OwensrOwens, Jayhawkr120139rCATCHERrCr2r1993-1996r1993-1996rActiver115rRr210
400rYrRr1974-08-25T00:00:00rNrYr5r11r1rPablo OzunarOzuna, PablorOZUNA, PABLOrPablo OzunarOzuna, Pablor150367rINFIELDERr2Br4r2003r2003rWaivedr115rRr200
401rYrRr1986-01-30T00:00:00rNrYr6r1r58r"Jordan Pacheco"r"Pacheco, Jordan"rPACHECO, JORDANr"Jordan Pacheco"r"Pacheco, Jordan"r457574rCATCHERrCr2r2007, 2010-2014r2010-2014rClaimedr115rRr200
402rYrRr1982-11-10T00:00:00rNrYr6r2r15rMatt PagnozzirPagnozzi, MattrPAGNOZZI, MATTrMatt PagnozzirPagnozzi, Mattr431166rCATCHERrCr2r2011r2011rClaimedr115rRr215
403rNrLr1967-07-21T00:00:00rNrYr6r1rr"Lance Painter"r"Painter, Lance"rPAINTER, LANCEr"Lance Painter"r"Painter, Lance"r120183rPITCHERrPr1r1993-1996r1993-1996rWaivedr115rLr200
404rYrRr1989-09-30T00:00:00rNrYr6r0r16r"Kyle Parker"r"Parker, Kyle"rPARKER, KYLEr"Kyle Parker"r"Parker, Kyle"r592621rOUTFIELDERrRFr9r2010, 2013-2016r2013-2016rReleasedr115rRr205
405rYrLr1987-05-06T00:00:00rNrYr5r11r8r"Gerardo Parra"r"Parra, Gerardo"rPARRA, GERARDOr"Gerardo Parra"r"Parra, Gerardo"r467827rOUTFIELDERrLFr7r2016-2018r2016-2018r"Free agent"r115rLr210
406rNrRr1961-08-26T00:00:00rNrYr6r3rr"Jeff Parrett"r"Parrett, Jeff"rPARRETT, JEFFr"Jeff Parrett"r"Parrett, Jeff"r120245rPITCHERrPr1r1993r1993rActiver115rRr190
407rYrLr1992-02-12T00:00:00rNrYr6r4r25r"Jordan Patterson"r"Patterson, Jordan"rPATTERSON, JORDANr"Jordan Patterson"r"Patterson, Jordan"r641958rINFIELDERr1Br3r2013, 2015-2018r2015-2018rClaimedr115rLr227
408rYrRr1983-10-05T00:00:00rNrYr6r3r55rFelipe PaulinorPaulino, FeliperPAULINO, FELIPErFelipe PaulinorPaulino, Feliper462956rPITCHERrPr1r2010-2011r2011r"Traded"r115rRr270
409rYrLr1987-10-27T00:00:00rNrYr6r4r10rBen PaulsenrPaulsen, BenrPAULSEN, BENrBen PaulsenrPaulsen, Benr572019rINFIELDERr1Br3r2009, 2011-2016r2011-2016rSignedr115rRr210
410rNrRr1972-11-22T00:00:00rNrYr5r10r15rJay PaytonrPayton, JayrPAYTON, JAYrJay PaytonrPayton, Jayr134341rOUTFIELDERrLFr7r2002-2003, 2010r2002-2003, 2010r"Free agent"r115rRr205
411rNrRr1973-08-28T00:00:00rNrNr6r1r19rKit PellowrPellow, KitrPELLOW, KITrKit PellowrPellow, Kitr408227rOUTFIELDERrLFr7r2003-2004r2003-2004r"Free agent"r115rRr205
412rNrSr1974-08-15T00:00:00rNrYr5r11r23rElvis PenarPena, ElvisrPENA, ELVISrElvis PenarPena, Elvisr341392rINFIELDERrSSr6r2000-2001r2000r"Traded"r115rRr160
413rYrRr1976-03-23T00:00:00rNrYr5r10r52r"Joel Peralta"r"Peralta, Joel"rPERALTA, JOELr"Joel Peralta"r"Peralta, Joel"r407908rPITCHERrPr1r2009r2009r"Free agent"r115rRr210
414rNrSr1973-06-02T00:00:00rNrYr6r0r5r"Neifi Perez"r"Perez, Neifi"rPEREZ, NEIFIr"Neifi Perez"r"Perez, Neifi"r120413rINFIELDERrSSr6r1996-2001r1996-2001r"Traded"r115rRr175
415rNrRr1970-11-06T00:00:00rNrNr5r11r2r"Chris Petersen"r"Petersen, Chris"rPETERSEN, CHRISr"Chris Petersen"r"Petersen, Chris"r150051rINFIELDERr2Br4r1999r1999rReleasedr115rRr180
416rNrRr1977-04-07T00:00:00rNrNr6r0r6r"Ben Petrick"r"Petrick, Ben"rPETRICK, BENr"Ben Petrick"r"Petrick, Ben"r150052rOUTFIELDERrLFr7r1999-2003r1999-2003r"Traded"r115rRr200
417rNrLr1970-04-29T00:00:00rNrYr6r2r31rJ.R. PhillipsrPhillips, J.R.rPHILLIPS, J.R.rJ.R. PhillipsrPhillips, J.R.r120514rINFIELDERr1Br3r1999r1999rSignedr115rLr200
418rNrRr1977-04-15T00:00:00rNrYr5r11r39rPaul PhillipsrPhillips, PaulrPHILLIPS, PAULrPaul PhillipsrPhillips, Paulr150207rCATCHERrCr2r2009-2010r2009-2010r"Free agent"r115rRr200
419rYrLr1979-04-17T00:00:00rNrNr6r0r3r"Jorge Piedra"r"Piedra, Jorge"rPIEDRA, JORGEr"Jorge Piedra"r"Piedra, Jorge"r430621rOUTFIELDERrRFr9r2004-2006r2004-2006rWaivedr115rLr200
420rNrLr1977-08-14T00:00:00rNrYr5r10r9r"Juan Pierre"r"Pierre, Juan"rPIERRE, JUANr"Juan Pierre"r"Pierre, Juan"r334393rOUTFIELDERrCFr8r2000-2002r2000-2002r"Traded"r115rLr180
421rNrLr1976-03-18T00:00:00rNrYr6r0r22rScott PodsednikrPodsednik, ScottrPODSEDNIK, SCOTTrScott PodsednikrPodsednik, Scottr325392rOUTFIELDERrLFr7r2008-2009r2008-2009rNRIr115rLr185
422rYrRr1988-11-22T00:00:00rNrYr6r6r13r"Drew Pomeranz"r"Pomeranz, Drew"rPOMERANZ, DREWr"Drew Pomeranz"r"Pomeranz, Drew"r519141rPITCHERrPr1r2011-2013r2011-2013r"Traded"r115rLr240
423rYrLr1972-08-20T00:00:00rNrNr6r3rr"Mike Porzio"r"Porzio, Mike"rPORZIO, MIKEr"Mike Porzio"r"Porzio, Mike"r150053rPITCHERrPr1r1999r1999rSignedr115rLr215
424rYrRr1990-09-26T00:00:00rNrYr6r5r50r"Brooks Pounders"r"Pounders, Brooks"rPOUNDERS, BROOKSr"Brooks Pounders"r"Pounders, Brooks"r572044rPITCHERrPr1r2017-2018r2018rSignedr115rRr265
425rNrRr1972-01-09T00:00:00rNrNr6r4r39rJay PowellrPowell, JayrPOWELL, JAYrJay PowellrPowell, Jayr120717rPITCHERrPr1r2001r2001r"Free agent"r115rRr230
426rYrLr1983-10-09T00:00:00rNrYr6r1rr"Jason Pridie"r"Pridie, Jason"rPRIDIE, JASONr"Jason Pridie"r"Pridie, Jason"r445095rOUTFIELDERrCFr8r2013-2014r2014rReleasedr115rRr205
427rNrRr1967-10-20T00:00:00rNrYr6r0rr"Harvey Pulliam"r"Pulliam, Harvey"rPULLIAM, HARVEYr"Harvey Pulliam"r"Pulliam, Harvey"r120801rOUTFIELDERrOFrOr1995-1997r1995-1997rActiver115rRr205
428rYrRr1987-07-03T00:00:00rNrYr6r2r54rZach PutnamrPutnam, ZachrPUTNAM, ZACHrZach PutnamrPutnam, Zachr474029rPITCHERrPr1r2012r2012rClaimedr115rRr220
429rNrRr1978-08-17T00:00:00rNrYr6r4r50rChad QuallsrQualls, ChadrQUALLS, CHADrChad QuallsrQualls, Chadr430589rPITCHERrPr1r2015-2017r2016-2017rReleasedr115rRr235
430rYrLr1981-10-24T00:00:00rNrYr5r9r12r"Omar Quintanilla"r"Quintanilla, Omar"rQUINTANILLA, OMARr"Omar Quintanilla"r"Quintanilla, Omar"r435560rINFIELDERrSSr6r2005-2010, 2015r2005-2010, 2015rNRIr115rRr185
431rNrRr1967-11-05T00:00:00rNrYr5r9rr"Brian Raabe"r"Raabe, Brian"rRAABE, BRIANr"Brian Raabe"r"Raabe, Brian"r120859rINFIELDERr2Br4r1997r1997rActiver115rRr175
432rYrRr1981-04-17T00:00:00rNrYr6r0r6r"Ryan Raburn"r"Raburn, Ryan"rRABURN, RYANr"Ryan Raburn"r"Raburn, Ryan"r430605rOUTFIELDERrLFr7r2016r2016r"Free agent"r115rRr185
433rYrRr1981-08-31T00:00:00rNrYr5r11r61r"Ramon E Ramirez"r"Ramirez, Ramon E"rRAMIREZ, RAMON Er"Ramon E Ramirez"r"Ramirez, Ramon E"r430673rPITCHERrPr1r2006-2008r2006-2008r"Traded"r115rRr200
434rNrLr1972-08-17T00:00:00rNrYr6r0r49r"Roberto Ramirez"r"Ramirez, Roberto"rRAMIREZ, ROBERTOr"Roberto Ramirez"r"Ramirez, Roberto"r133381rPITCHERrPr1r1999r1999rReleasedr115rLr195
435rNrRr1973-01-05T00:00:00rNrYr6r3rr"Fred Rath"r"Rath, Fred"rRATH, FREDr"Fred Rath"r"Rath, Fred"r203732rPITCHERrPr1r1998r1998rActiver115rRr220
436rNrLr1974-01-05T00:00:00rNrYr6r5r55r"Mark Redman"r"Redman, Mark"rREDMAN, MARKr"Mark Redman"r"Redman, Mark"r150230rPITCHERrPr1r2007-2008r2007-2008rActiver115rLr245
437rNrLr1962-11-12T00:00:00rNrYr6r2r15rJeff ReedrReed, JeffrREED, JEFFrJeff ReedrReed, Jeffr120993rCATCHERrCr2r1995-1999r1996-1999rReleasedr115rRr190
438rNrRr1965-03-11T00:00:00rNrNr6r2r39rSteve ReedrReed, SteverREED, STEVErSteve ReedrReed, Stever121002rPITCHERrPr1r1992-1997, 2003-2004r1993-1997, 2003-2004r"Free agent"r115rRr210
439rNrRr1983-05-16T00:00:00rNrYr6r1r58r"Steven Register"r"Register, Steven"rREGISTER, STEVENr"Steven Register"r"Register, Steven"r461862rPITCHERrPr1r2008-2009r2008-2009r"Des. for Assignment"r115rRr170
440rNrRr1972-06-03T00:00:00rNrNr6r3rr"Bryan Rekar"r"Rekar, Bryan"rREKAR, BRYANr"Bryan Rekar"r"Rekar, Bryan"r121057rPITCHERrPr1r1995-1997r1995-1997rWaivedr115rRr220
441rNrSr1973-09-16T00:00:00rNrNr5r9r8r"Desi Relaford"r"Relaford, Desi"rRELAFORD, DESIr"Desi Relaford"r"Relaford, Desi"r121058rINFIELDERr2Br4r2005r2005rReleasedr115rRr185
442rNrRr1979-01-03T00:00:00rNrYr6r6r25rMichael RestovichrRestovich, MichaelrRESTOVICH, MICHAELrMichael RestovichrRestovich, Michaelr282879rOUTFIELDERrRFr9r2005r2005rWaivedr115rRr240
443rNrRr1977-04-19T00:00:00rNrYr6r3r49rDennys ReyesrReyes, DennysrREYES, DENNYSrDennys ReyesrReyes, Dennysr121096rPITCHERrPr1r2002r2002r"Traded"r115rLr250
444rYrSr1983-06-11T00:00:00rNrYr6r0r7rJose ReyesrReyes, JoserREYES, JOSErJosé ReyesrReyes, Josér408314rINFIELDERrSSr6r2015-2016r2015rReleasedr115rRr195
445rYrSr1978-02-21T00:00:00rNrNr5r11r7rRene ReyesrReyes, RenerREYES, RENErRene ReyesrReyes, Rener407813rOUTFIELDERrRFr9r2003-2004r2003-2004r"Free agent"r115rRr175
446rYrRr1985-07-03T00:00:00rNrYr6r7rr"Greg Reynolds"r"Reynolds, Greg"rREYNOLDS, GREGr"Greg Reynolds"r"Reynolds, Greg"r453353rPITCHERrPr1r2007-2012r2007-2009, 2011r"Traded"r115rRr225
447rYrRr1983-08-03T00:00:00rNrYr6r2r12r"Mark Reynolds"r"Reynolds, Mark"rREYNOLDS, MARKr"Mark Reynolds"r"Reynolds, Mark"r448602rINFIELDERr1Br3r2015-2017, 2019r2016-2017, 2019rReleasedr115rRr220
448rYrLr1984-10-02T00:00:00rNrYr6r5r51rMatt ReynoldsrReynolds, MattrREYNOLDS, MATTrMatt ReynoldsrReynolds, Mattr519186rPITCHERrPr1r2010-2012r2010-2012r"Traded"r115rLr240
449rNrRr1966-05-01T00:00:00rNrNr5r11rr"Armando Reynoso"r"Reynoso, Armando"rREYNOSO, ARMANDOr"Armando Reynoso"r"Reynoso, Armando"r121117rPITCHERrPr1r1992-1996r1993-1996r"Traded"r115rRr215
450rNrLr1974-06-07T00:00:00rNrNr6r2r21r"Chris Richard"r"Richard, Chris"rRICHARD, CHRISr"Chris Richard"r"Richard, Chris"r276537rOUTFIELDERrLFr7r2003r2003r"Free agent"r115rLr210
451rYrRr1979-01-23T00:00:00rNrYr5r11r58rJuan RinconrRincon, JuanrRINCON, JUANrJuan RinconrRincon, Juanr346799rPITCHERrPr1r2009-2010r2009-2010rSignedr115rRr210
452rNrRr1965-06-08T00:00:00rNrNr6r4r30rKevin RitzrRitz, KevinrRITZ, KEVINrKevin RitzrRitz, Kevinr121244rPITCHERrPr1r1994-1998r1994-1998rSignedr115rRr220
453rNrRr1971-10-11T00:00:00rNrNr6r2r51rJoe RoarRoa, JoerROA, JOErJoe RoarRoa, Joer121258rPITCHERrPr1r2003r2003rWaivedr115rRr195
454rYrLr1988-03-09T00:00:00rNrYr6r1r67r"Ken Roberts"r"Roberts, Ken"rROBERTS, KENr"Ken Roberts"r"Roberts, Ken"r594977rPITCHERrPr1r2010, 2015r2015rClaimedr115rLr200
455rYrRr1996-08-09T00:00:00rYrYr6r0r7r"Brendan Rodgers"r"Rodgers, Brendan"rRODGERS, BRENDANr"Brendan Rodgers"r"Rodgers, Brendan"r663898rINFIELDERr2Br4r2015, 2017-2019r2017-2019r60-day ILr115rRr180
456rYrRr1982-08-04T00:00:00rNrYr6r3rrJosh RoenickerRoenicke, JoshrROENICKE, JOSHrJosh RoenickerRoenicke, Joshr502158rPITCHERrPr1r2011-2012, 2014r2011-2012rSignedr115rRr205
457rYrRr1985-08-14T00:00:00rNrYr6r3r48r"Esmil Rogers"r"Rogers, Esmil"rROGERS, ESMILr"Esmil Rogers"r"Rogers, Esmil"r469134rPITCHERrPr1r2007-2012r2008-2012r"Traded"r115rRr200
458rNrRr1979-06-24T00:00:00rNrNr6r0r3rJason RomanorRomano, JasonrROMANO, JASONrJason RomanorRomano, Jasonr400099rINFIELDERr2Br4r2002r2002r"Traded"r115rRr185
459rYrSr1976-06-04T00:00:00rNrYr5r11r32r"J.C. Romero"r"Romero, J.C."rROMERO, J.C.r"J.C. Romero"r"Romero, J.C."r240694rPITCHERrPr1r2011r2011r"Free agent"r115rLr205
460rNrSr1967-10-29T00:00:00rNrNr5r11r6r"Mandy Romero"r"Romero, Mandy"rROMERO, MANDYr"Mandy Romero"r"Romero, Mandy"r121422rCATCHERrCr2r2003r2003rWaivedr115rRr195
461rYrRr1988-02-16T00:00:00rNrYr6r1r62r"Jorge Rondon"r"Rondon, Jorge"rRONDON, JORGEr"Jorge Rondon"r"Rondon, Jorge"r504083rPITCHERrPr1r2014-2015r2015rClaimedr115rRr215
462rYrRr1989-02-23T00:00:00rNrYr5r11r20r"Wilin Rosario"r"Rosario, Wilin"rROSARIO, WILINr"Wilin Rosario"r"Rosario, Wilin"r501647rINFIELDERr1Br3r2009-2015r2009-2015rSignedr115rRr225
463rNrRr1976-02-13T00:00:00rNrNr6r3r40r"Brian Rose"r"Rose, Brian"rROSE, BRIANr"Brian Rose"r"Rose, Brian"r121450rPITCHERrPr1r2000r2000r"Traded"r115rRr215
464rYrRr1988-06-09T00:00:00rNrYr6r2r60rZac RosscuprRosscup, ZacrROSSCUP, ZACrZac RosscuprRosscup, Zacr573127rPITCHERrPr1r2017-2018r2017-2018rClaimedr115rLr220
465rNrSr1963-10-04T00:00:00rNrYr6r2rr"Bruce Ruffin"r"Ruffin, Bruce"rRUFFIN, BRUCEr"Bruce Ruffin"r"Ruffin, Bruce"r121545rPITCHERrPr1r1993-1997r1993-1997rActiver115rLr205
466rNrLr1974-11-07T00:00:00rNrYr6r1r32rGlendon RuschrRusch, GlendonrRUSCH, GLENDONrGlendon RuschrRusch, Glendonr121556rPITCHERrPr1r2008-2009r2008-2009rSignedr115rLr225
467rYrLr1986-10-22T00:00:00rNrYr6r2r52r"Chris Rusin"r"Rusin, Chris"rRUSIN, CHRISr"Chris Rusin"r"Rusin, Chris"r543734rPITCHERrPr1r2014-2019r2015-2019rSignedr115rLr198
468rYrRr1989-04-21T00:00:00rNrYr5r11rrJosh RutledgerRutledge, JoshrRUTLEDGE, JOSHrJosh RutledgerRutledge, Joshr592710rINFIELDERr2Br4r2010, 2012-2014, 2016r2012-2014rClaimedr115rRr186
469rNrRr1964-04-11T00:00:00rNrNr6r1rr"Bret Saberhagen"r"Saberhagen, Bret"rSABERHAGEN, BRETr"Bret Saberhagen"r"Saberhagen, Bret"r121604rPITCHERrPr1r1995-1996r1995rReleasedr115rRr200
470rNrRr1965-03-03T00:00:00rNrYr6r4rr"A.J. Sager"r"Sager, A.J."rSAGER, A.J.r"A.J. Sager"r"Sager, A.J."r121619rPITCHERrPr1r1995r1995rActiver115rRr220
471rNrRr1973-09-10T00:00:00rNrYr6r1rrMike SaiperSaipe, MikerSAIPE, MIKErMike SaiperSaipe, Miker134182rPITCHERrPr1r1998r1998rActiver115rRr190
472rNrLr1980-11-24T00:00:00rNrYr6r0r6r"Jeff Salazar"r"Salazar, Jeff"rSALAZAR, JEFFr"Jeff Salazar"r"Salazar, Jeff"r434625rOUTFIELDERrOFrOr2006-2007, 2011r2006-2007, 2011rSignedr115rLr195
473rYrLr1974-10-11T00:00:00rNrNr5r10r55rJesus SanchezrSanchez, JesusrSANCHEZ, JESUSrJesus SanchezrSanchez, Jesusr133260rPITCHERrPr1r2003r2003r"Free agent"r115rLr165
474rYrLr1982-11-19T00:00:00rNrYr6r0r35rJonathan SanchezrSanchez, JonathanrSANCHEZ, JONATHANrJonathan SánchezrSánchez, Jonathanr456043rPITCHERrPr1r2012r2012r"Free agent"r115rLr200
475rNrRr1966-12-24T00:00:00rNrYr6r6rr"Mo Sanford"r"Sanford, Mo"rSANFORD, MOr"Mo Sanford"r"Sanford, Mo"r121685rPITCHERrPr1r1993r1993rActiver115rRr220
476rNrRr1976-10-02T00:00:00rNrNr6r2r45r"Victor Santos"r"Santos, Victor"rSANTOS, VICTORr"Victor Santos"r"Santos, Victor"r276343rPITCHERrPr1r2002r2002r"Free agent"r115rRr205
477rYrLr1987-02-15T00:00:00rNrYr6r2r62rRob ScahillrScahill, RobrSCAHILL, ROBrRob ScahillrScahill, Robr543746rPITCHERrPr1r2009, 2012-2014r2012-2014r"Traded"r115rRr220
478rNrRr1966-11-16T00:00:00rNrYr6r2rrTim ScottrScott, TimrSCOTT, TIMrTim ScottrScott, Timr121947rPITCHERrPr1r1997r1997rActiver115rRr205
479rNrRr1975-10-30T00:00:00rNrYr5r10r19r"Marco Scutaro"r"Scutaro, Marco"rSCUTARO, MARCOr"Marco Scutaro"r"Scutaro, Marco"r340192rINFIELDERr2Br4r2012r2012r"Traded"r115rRr185
480rNrLr1978-06-20T00:00:00rNrYr6r2r46rBobby SeayrSeay, BobbyrSEAY, BOBBYrBobby SeayrSeay, Bobbyr150144rPITCHERrPr1r2005r2005r"Free agent"r115rLr235
481rNrRr1971-02-10T00:00:00rNrNr5r11r16rKevin SefcikrSefcik, KevinrSEFCIK, KEVINrKevin SefcikrSefcik, Kevinr121974rOUTFIELDERrLFr7r2001r2001rReleasedr115rRr175
482rYrRr1995-01-21T00:00:00rYrYr6r1r49rAntonio SenzatelarSenzatela, AntoniorSENZATELA, ANTONIOrAntonio SenzatelarSenzatela, Antonior622608rPITCHERrPr1r2011, 2015-2019r2016-2019rReassignedr115rRr246
483rYrSr1974-01-25T00:00:00rNrYr6r1r29r"Dan Serafini"r"Serafini, Dan"rSERAFINI, DANr"Dan Serafini"r"Serafini, Dan"r122007rPITCHERrPr1r2007r2007r"Free agent"r115rLr190
484rNrRr1967-06-04T00:00:00rNrNr6r2r29r"Scott Servais"r"Servais, Scott"rSERVAIS, SCOTTr"Scott Servais"r"Servais, Scott"r122011rCATCHERrCr2r1999-2000r2000rWaivedr115rRr195
485rNrRr1967-02-26T00:00:00rNrNr6r6rr"Scott Service"r"Service, Scott"rSERVICE, SCOTTr"Scott Service"r"Service, Scott"r122012rPITCHERrPr1r1993r1993rWaivedr115rRr240
486rNrRr1971-08-03T00:00:00rNrNr5r11r4r"Chris Sexton"r"Sexton, Chris"rSEXTON, CHRISr"Chris Sexton"r"Sexton, Chris"r150055rINFIELDERr2Br4r1999r1999r"Free agent"r115rRr180
487rYrSr1987-11-08T00:00:00rYrYr6r1r29r"Bryan Shaw"r"Shaw, Bryan"rSHAW, BRYANr"Bryan Shaw"r"Shaw, Bryan"r543766rPITCHERrPr1r2017-2019r2018-2019rActiver115rRr232
488rNrRr1961-08-02T00:00:00rNrYr6r0rr"Danny Sheaffer"r"Sheaffer, Danny"rSHEAFFER, DANNYr"Danny Sheaffer"r"Sheaffer, Danny"r122094rCATCHERrCr2r1993-1994r1993-1994rActiver115rRr202
489rNrRr1979-08-29T00:00:00rNrYr6r5r43rRyan ShealyrShealy, RyanrSHEALY, RYANrRyan ShealyrShealy, Ryanr434626rINFIELDERr1Br3r2005-2006r2005-2006r"Traded"r115rRr240
490rNrRr1968-01-21T00:00:00rNrYr6r2rr"Keith Shepherd"r"Shepherd, Keith"rSHEPHERD, KEITHr"Keith Shepherd"r"Shepherd, Keith"r122125rPITCHERrPr1r1993r1993rActiver115rRr205
491rNrRr1966-08-16T00:00:00rNrNr6r0r22r"Terry Shumpert"r"Shumpert, Terry"rSHUMPERT, TERRYr"Terry Shumpert"r"Shumpert, Terry"r122205rINFIELDERr2Br4r1998-2002r1998-2002r"Free agent"r115rRr200
492rNrRr1977-08-26T00:00:00rNrNr6r4r51rAllan SimpsonrSimpson, AllanrSIMPSON, ALLANrAllan SimpsonrSimpson, Allanr407817rPITCHERrPr1r2004-2005r2004-2005r"Traded"r115rRr225
493rNrRr1955-08-11T00:00:00rNrYr6r2rr"Bryn Smith"r"Smith, Bryn"rSMITH, BRYNr"Bryn Smith"r"Smith, Bryn"r122358rPITCHERrPr1r1993r1993rActiver115rRr205
494rYrLr1983-12-22T00:00:00rNrYr6r1r32r"Greg Smith"r"Smith, Greg"rSMITH, GREGr"Greg Smith"r"Smith, Greg"r460105rPITCHERrPr1r2008-2011r2009-2011rNRIr115rLr190
495rNrLr1977-07-24T00:00:00rNrYr6r3r24rJason SmithrSmith, JasonrSMITH, JASONrJason SmithrSmith, Jasonr400136rINFIELDERr2Br4r2006r2006rSignedr115rRr195
496rNrLr1982-09-30T00:00:00rNrYr6r3r7rSeth SmithrSmith, SethrSMITH, SETHrSeth SmithrSmith, Sethr452234rOUTFIELDERrLFr7r2006-2012r2006-2011r"Traded"r115rLr210
497rNrRr1975-08-19T00:00:00rNrYr6r1r14rJuan SosarSosa, JuanrSOSA, JUANrJuan SosarSosa, Juanr150057rINFIELDERrSSr6r1999-2001r1999rWaivedr115rRr175
498rNrRr1973-11-06T00:00:00rNrYr6r3r32r"Justin Speier"r"Speier, Justin"rSPEIER, JUSTINr"Justin Speier"r"Speier, Justin"r133221rPITCHERrPr1r2001-2003, 2010r2001-2003, 2010rReleasedr115rRr205
499rYrRr1979-07-24T00:00:00rNrYr6r7r37r"Ryan Speier"r"Speier, Ryan"rSPEIER, RYANr"Ryan Speier"r"Speier, Ryan"r434627rPITCHERrPr1r2005-2009r2005, 2007-2009rSignedr115rRr210
500rNrRr1979-09-05T00:00:00rNrYr6r1r19r"Ryan Spilborghs"r"Spilborghs, Ryan"rSPILBORGHS, RYANr"Ryan Spilborghs"r"Spilborghs, Ryan"r448676rOUTFIELDERrLFr7r2005-2011r2005-2011r"Free agent"r115rRr200
501rYrRr1974-10-27T00:00:00rNrYr6r2rr"Denny Stark"r"Stark, Denny"rSTARK, DENNYr"Denny Stark"r"Stark, Denny"r150128rPITCHERrPr1r2002-2005r2002-2004rSignedr115rRr210
502rNrLr1985-04-05T00:00:00rNrYr6r3r9r"Ian Stewart"r"Stewart, Ian"rSTEWART, IANr"Ian Stewart"r"Stewart, Ian"r456655rINFIELDERr3Br5r2006-2011r2006-2011r"Traded"r115rRr225
503rNrRr1972-06-30T00:00:00rNrYr6r2r39rJim StoopsrStoops, JimrSTOOPS, JIMrJim StoopsrStoops, Jimr136765rPITCHERrPr1r1998-1999r1998rActiver115rRr180
504rYrRr1992-11-15T00:00:00rYrYr6r2r27r"Trevor Story"r"Story, Trevor"rSTORY, TREVORr"Trevor Story"r"Story, Trevor"r596115rINFIELDERrSSr6r2011, 2014-2019r2014-2019rActiver115rRr214
505rNrRr1983-08-02T00:00:00rNrYr6r0r16r"Huston Street"r"Street, Huston"rSTREET, HUSTONr"Huston Street"r"Street, Huston"r434718rPITCHERrPr1r2008-2011r2009-2011r"Traded"r115rRr205
506rNrRr1969-04-04T00:00:00rNrYr6r1r50r"Mark Strittmatter"r"Strittmatter, Mark"rSTRITTMATTER, MARKr"Mark Strittmatter"r"Strittmatter, Mark"r136604rCATCHERrCr2r1998r1998rSignedr115rRr210
507rNrRr1984-10-04T00:00:00rNrYr6r4r13r"Drew Stubbs"r"Stubbs, Drew"rSTUBBS, DREWr"Drew Stubbs"r"Stubbs, Drew"r453211rOUTFIELDERrCFr8r2013-2015r2014-2015rReleasedr115rRr205
508rYrLr1979-12-09T00:00:00rNrYr6r2r54r"Eric Stults"r"Stults, Eric"rSTULTS, ERICr"Eric Stults"r"Stults, Eric"r445590rPITCHERrPr1r2011r2011rSignedr115rLr220
509rNrRr1973-01-19T00:00:00rNrNr5r9r7r"Chris Stynes"r"Stynes, Chris"rSTYNES, CHRISr"Chris Stynes"r"Stynes, Chris"r122918rINFIELDERr3Br5r2003r2003r"Free agent"r115rRr190
510rNrLr1979-08-20T00:00:00rNrYr6r0r18r"Cory Sullivan"r"Sullivan, Cory"rSULLIVAN, CORYr"Cory Sullivan"r"Sullivan, Cory"r430622rOUTFIELDERrCFr8r2005-2008r2005-2008rSignedr115rLr200
511rNrRr1975-05-31T00:00:00rNrNr6r3r16rMac SuzukirSuzuki, MacrSUZUKI, MACrMac SuzukirSuzuki, Macr123010rPITCHERrPr1r2001r2001rWaivedr115rRr205
512rNrLr1969-10-26T00:00:00rNrYr6r1r25r"Mark Sweeney"r"Sweeney, Mark"rSWEENEY, MARKr"Mark Sweeney"r"Sweeney, Mark"r123040rOUTFIELDERrRFr9r2003-2004r2003-2004r"Free agent"r115rLr195
513rNrRr1961-10-27T00:00:00rNrYr6r0rrBill SwiftrSwift, BillrSWIFT, BILLrBill SwiftrSwift, Billr123053rPITCHERrPr1r1995-1997r1995-1997rActiver115rRr180
514rYrLr1994-02-04T00:00:00rYrYr6r3r15rRaimel TapiarTapia, RaimelrTAPIA, RAIMELrRaimel TapiarTapia, Raimelr606132rOUTFIELDERrLFr7r2010, 2015-2019r2015-2019rActiver115rLr185
515rNrRr1967-10-09T00:00:00rNrNr6r2rrJim TatumrTatum, JimrTATUM, JIMrJim TatumrTatum, Jimr123109rCATCHERrCr2r1992-1993, 1995r1993, 1995r"Free agent"r115rRr200
516rYrLr1990-12-03T00:00:00rNrYr6r2r3rMike TauchmanrTauchman, MikerTAUCHMAN, MIKErMike TauchmanrTauchman, Miker643565rOUTFIELDERrCFr8r2013, 2015-2019r2015-2019r"Traded"r115rLr220
517rNrLr1973-05-22T00:00:00rNrYr6r2r50r"Julian Tavarez"r"Tavarez, Julian"rTAVAREZ, JULIANr"Julian Tavarez"r"Tavarez, Julian"r123118rPITCHERrPr1r2000r2000r"Free agent"r115rRr195
518rYrRr1981-12-25T00:00:00rNrYr6r0r3r"Willy Taveras"r"Taveras, Willy"rTAVERAS, WILLYr"Willy Taveras"r"Taveras, Willy"r430838rOUTFIELDERrCFr8r2006-2008, 2011r2007-2008, 2011rNRIr115rRr180
519rNrRr1971-04-07T00:00:00rNrNr6r2rr"Mark Thompson"r"Thompson, Mark"rTHOMPSON, MARKr"Mark Thompson"r"Thompson, Mark"r123296rPITCHERrPr1r1994-1998r1994-1998r"Free agent"r115rRr205
520rNrLr1959-01-05T00:00:00rNrYr5r11rrMilt ThompsonrThompson, MiltrTHOMPSON, MILTrMilt ThompsonrThompson, Miltr123298rOUTFIELDERrOFrOr1996r1996rActiver115rRr170
521rNrRr1973-10-01T00:00:00rNrYr6r3r52rJohn ThomsonrThomson, JohnrTHOMSON, JOHNrJohn ThomsonrThomson, Johnr123307rPITCHERrPr1r1997-1999, 2001-2002r1997-1999, 2001-2002r"Traded"r115rRr220
522rYrRr1995-04-30T00:00:00rYrYr6r4r32rJesus TinocorTinoco, JesusrTINOCO, JESUSrJesus TinocorTinoco, Jesusr622786rPITCHERrPr1r2015, 2017-2019r2018-2019rActiver115rRr263
523rNrRr1978-07-19T00:00:00rNrYr5r11r8r"Yorvit Torrealba"r"Torrealba, Yorvit"rTORREALBA, YORVITr"Yorvit Torrealba"r"Torrealba, Yorvit"r150275rCATCHERrCr2r2006-2009, 2013r2006-2009, 2013rActiver115rRr200
524rYrRr1982-10-22T00:00:00rNrYr6r1r59r"Carlos Torres"r"Torres, Carlos"rTORRES, CARLOSr"Carlos Torres"r"Torres, Carlos"r448614rPITCHERrPr1r2012r2012r"Free agent"r115rRr180
525rNrLr1973-12-11T00:00:00rNrYr6r3r18r"Andy Tracy"r"Tracy, Andy"rTRACY, ANDYr"Andy Tracy"r"Tracy, Andy"r282905rINFIELDERr3Br5r2004r2004rSignedr115rRr220
526rYrRr1981-06-02T00:00:00rNrYr6r1r71rChin-hui TsaorTsao, Chin-huirTSAO, CHIN-HUIrChin-hui TsaorTsao, Chin-huir425835rPITCHERrPr1r2003-2005r2003-2005rSignedr115rRr210
527rYrRr1984-10-10T00:00:00rNrYr6r3r2r"Troy Tulowitzki"r"Tulowitzki, Troy"rTULOWITZKI, TROYr"Troy Tulowitzki"r"Tulowitzki, Troy"r453064rINFIELDERrSSr6r2006-2015r2006-2015r"Traded"r115rRr205
528rNrRr1979-03-22T00:00:00rNrYr6r0r4r"Juan Uribe"r"Uribe, Juan"rURIBE, JUANr"Juan Uribe"r"Uribe, Juan"r346874rINFIELDERrSSr6r2001-2003r2001-2003r"Traded"r115rRr245
529rYrRr1992-09-09T00:00:00rYrYr5r11r4rPat ValaikarValaika, PatrVALAIKA, PATrPat ValaikarValaika, Patr642162rINFIELDERr3Br5r2013-2019r2014-2019rReassignedr115rRr208
530rNrLr1963-10-07T00:00:00rNrYr6r5rr"Ty Van Burkleo"r"Van Burkleo, Ty"rVAN BURKLEO, TYr"Ty Van Burkleo"r"Van Burkleo, Ty"r123628rINFIELDERr1Br3r1994r1994rActiver115rLr225
531rNrLr1979-06-20T00:00:00rNrNr6r1r47r"Cory Vance"r"Vance, Cory"rVANCE, CORYr"Cory Vance"r"Vance, Cory"r425246rPITCHERrPr1r2002-2003r2002-2003rWaivedr115rLr195
532rNrLr1966-04-29T00:00:00rNrNr6r1rr"John Vander Wal"r"Vander Wal, John"rVANDER WAL, JOHNr"John Vander Wal"r"Vander Wal, John"r123639rOUTFIELDERrLFr7r1994-1998r1994-1998r"Traded"r115rLr205
533rYrLr1992-02-12T00:00:00rNrYr6r2r30r"Jerry Vasto"r"Vasto, Jerry"rVASTO, JERRYr"Jerry Vasto"r"Vasto, Jerry"r657786rPITCHERrPr1r2014, 2017-2018r2017-2018r"Traded"r115rLr195
534rNrRr1965-07-03T00:00:00rNrNr6r0r20r"Greg Vaughn"r"Vaughn, Greg"rVAUGHN, GREGr"Greg Vaughn"r"Vaughn, Greg"r123675rOUTFIELDERrLFr7r2003r2003r"Free agent"r115rRr205
535rNrLr1973-08-02T00:00:00rNrNr5r10r45r"Mike Venafro"r"Venafro, Mike"rVENAFRO, MIKEr"Mike Venafro"r"Venafro, Mike"r150291rPITCHERrPr1r2006r2006r"Free agent"r115rLr180
536rNrRr1966-10-19T00:00:00rNrNr6r2r43r"Dave Veres"r"Veres, Dave"rVERES, DAVEr"Dave Veres"r"Veres, Dave"r123707rPITCHERrPr1r1998-1999, 2007r1998-1999, 2007rNRIr115rRr220
537rYrLr1970-01-16T00:00:00rNrYr6r3r29rRon VillonerVillone, RonrVILLONE, RONrRon VillonerVillone, Ronr123725rPITCHERrPr1r2001r2001r"Traded"r115rLr245
538rNrRr1974-08-06T00:00:00rNrYr5r11r51rLuis VizcainorVizcaino, LuisrVIZCAINO, LUISrLuis VizcainorVizcaino, Luisr150430rPITCHERrPr1r2007-2009r2008r"Traded"r115rRr210
539rYrRr1986-09-23T00:00:00rNrYr6r8r31r"Chris Volstad"r"Volstad, Chris"rVOLSTAD, CHRISr"Chris Volstad"r"Volstad, Chris"r458690rPITCHERrPr1r2013r2013rSignedr115rRr235
540rNrLr1967-11-07T00:00:00rNrYr6r2r43rDavid WainhouserWainhouse, DavidrWAINHOUSE, DAVIDrDavid WainhouserWainhouse, Davidr123794rPITCHERrPr1r1998-2000r1998-1999rReleasedr115rRr190
541rNrLr1966-12-01T00:00:00rNrNr6r3r33r"Larry Walker"r"Walker, Larry"rWALKER, LARRYr"Larry Walker"r"Walker, Larry"r123833rOUTFIELDERrRFr9r1995-2004r1995-2004r"Traded"r115rRr235
542rNrRr1969-04-08T00:00:00rNrNr6r2r54r"Pete Walker"r"Walker, Pete"rWALKER, PETEr"Pete Walker"r"Walker, Pete"r123839rPITCHERrPr1r2000r2000rReleasedr115rRr195
543rNrLr1973-05-25T00:00:00rNrNr6r0r12r"Todd Walker"r"Walker, Todd"rWALKER, TODDr"Todd Walker"r"Walker, Todd"r123842rINFIELDERr2Br4r2000-2001r2000-2001r"Traded"r115rRr180
544rNrRr1962-12-25T00:00:00rNrYr6r2rr"Bruce Walton"r"Walton, Bruce"rWALTON, BRUCEr"Bruce Walton"r"Walton, Bruce"r123899rPITCHERrPr1r1994r1994rActiver115rRr195
545rNrRr1972-08-05T00:00:00rNrYr6r2r46rJohn WasdinrWasdin, JohnrWASDIN, JOHNrJohn WasdinrWasdin, Johnr123955rPITCHERrPr1r2000-2001r2000-2001rReleasedr115rRr190
546rNrRr1972-09-02T00:00:00rNrYr6r2r96rPat WatkinsrWatkins, PatrWATKINS, PATrPat WatkinsrWatkins, Patr123980rOUTFIELDERrCFr8r1999r1999rReleasedr115rRr185
547rNrLr1962-11-30T00:00:00rNrYr6r3rr"Gary Wayne"r"Wayne, Gary"rWAYNE, GARYr"Gary Wayne"r"Wayne, Gary"r123997rPITCHERrPr1r1993r1993rActiver115rLr192
548rNrRr1968-01-27T00:00:00rNrYr6r3rr"Eric Wedge"r"Wedge, Eric"rWEDGE, ERICr"Eric Wedge"r"Wedge, Eric"r124029rCATCHERrCr2r1993r1993rActiver115rRr215
549rNrSr1963-11-28T00:00:00rNrNr6r0rrWalt WeissrWeiss, WaltrWEISS, WALTrWalt WeissrWeiss, Waltr124054rINFIELDERrSSr6r1994-1997r1994-1997rReleasedr115rRr175
550rNrRr1977-04-21T00:00:00rNrYr6r3r16rKip WellsrWells, KiprWELLS, KIPrKip WellsrWells, Kipr150337rPITCHERrPr1r2007-2008r2008rReleasedr115rRr205
551rNrLr1967-05-19T00:00:00rNrNr6r2r99r"Turk Wendell"r"Wendell, Turk"rWENDELL, TURKr"Turk Wendell"r"Wendell, Turk"r124084rPITCHERrPr1r2004r2004r"Free agent"r115rRr205
552rYrLr1988-07-10T00:00:00rNrYr6r3r44r"Ryan Wheeler"r"Wheeler, Ryan"rWHEELER, RYANr"Ryan Wheeler"r"Wheeler, Ryan"r572253rINFIELDERr3Br5r2012-2014r2013-2014rClaimedr115rRr230
553rYrRr1988-08-29T00:00:00rNrYr6r3r6rAlex WhiterWhite, AlexrWHITE, ALEXrAlex WhiterWhite, Alexr502229rPITCHERrPr1r2011-2012r2011-2012r"Traded"r115rRr220
554rNrRr1969-10-12T00:00:00rNrYr6r0rr"Derrick White"r"White, Derrick"rWHITE, DERRICKr"Derrick White"r"White, Derrick"r124163rOUTFIELDERrOFrOr1998-1999r1998rActiver115rRr185
555rNrLr1971-11-20T00:00:00rNrNr6r2r36rGabe WhiterWhite, GaberWHITE, GABErGabe WhiterWhite, Gaber124171rPITCHERrPr1r2000-2001r2000-2001r"Traded"r115rLr205
556rNrRr1968-12-23T00:00:00rNrYr6r4r51rRick WhiterWhite, RickrWHITE, RICKrRick WhiterWhite, Rickr124184rPITCHERrPr1r2002r2002rWaivedr115rRr245
557rNrRr1977-10-11T00:00:00rNrYr6r0r21rTy WiggintonrWigginton, TyrWIGGINTON, TYrTy WiggintonrWigginton, Tyr421064rINFIELDERr3Br5r2010-2011r2011r"Traded"r115rRr215
558rYrRr1986-05-14T00:00:00rNrYr5r10r20rJackson WilliamsrWilliams, JacksonrWILLIAMS, JACKSONrJackson WilliamsrWilliams, Jacksonr519425rCATCHERrCr2r2013-2016r2014, 2016rNRIr115rRr200
559rNrLr1975-09-18T00:00:00rNrYr6r3r54rRandy WilliamsrWilliams, RandyrWILLIAMS, RANDYrRandy WilliamsrWilliams, Randyr430942rPITCHERrPr1r2005-2006r2005-2006rNRIr115rLr200
560rNrRr1974-07-19T00:00:00rNrYr6r2r44r"Preston Wilson"r"Wilson, Preston"rWILSON, PRESTONr"Preston Wilson"r"Wilson, Preston"r133343rOUTFIELDERrCFr8r2003-2005r2003-2005r"Traded"r115rRr220
561rNrRr1972-08-28T00:00:00rNrNr6r4r41rJay WitasickrWitasick, JayrWITASICK, JAYrJay WitasickrWitasick, Jayr124482rPITCHERrPr1r2005r2005r"Traded"r115rRr250
562rYrLr1992-06-09T00:00:00rYrYr5r10r14r"Tony Wolters"r"Wolters, Tony"rWOLTERS, TONYr"Tony Wolters"r"Wolters, Tony"r547172rCATCHERrCr2r2016-2019r2016-2019rActiver115rRr197
563rNrLr1969-09-25T00:00:00rNrYr5r9r5rTony WomackrWomack, TonyrWOMACK, TONYrTony WomackrWomack, Tonyr124523rINFIELDERrSSr6r2003r2003r"Traded"r115rRr170
564rNrRr1974-12-24T00:00:00rNrYr6r6r16r"Jamey Wright"r"Wright, Jamey"rWRIGHT, JAMEYr"Jamey Wright"r"Wright, Jamey"r124604rPITCHERrPr1r1996-1999, 2004-2005r1996-1999, 2004-2005r"Free agent"r115rRr225
565rYrSr1987-08-07T00:00:00rNrYr6r0r43rRafael YnoarYnoa, RafaelrYNOA, RAFAELrRafael YnoarYnoa, Rafaelr501255rINFIELDERr2Br4r2013-2017r2014-2017rNRIr115rRr190
566rNrRr1965-04-20T00:00:00rNrNr6r2r21rMasato YoshiirYoshii, MasatorYOSHII, MASATOrMasato YoshiirYoshii, Masator134180rPITCHERrPr1r2000-2001r2000rReleasedr115rRr215
567rYrSr1985-05-25T00:00:00rNrYr5r10r1r"Eric Young Jr."r"Young Jr., Eric"rYOUNG JR., ERICr"Eric Young Jr."r"Young Jr., Eric"r458913rOUTFIELDERrRFr9r2004, 2006, 2008-2013r2006, 2008-2013r"Traded"r115rRr195
568rNrRr1967-05-11T00:00:00rNrNr5r9rr"Eric Young"r"Young, Eric"rYOUNG, ERICr"Eric Young"r"Young, Eric"r124695rINFIELDERr2Br4r1993-1997r1993-1997r"Traded"r115rRr185
569rNrSr1964-10-22T00:00:00rNrYr6r2rr"Gerald Young"r"Young, Gerald"rYOUNG, GERALDr"Gerald Young"r"Young, Gerald"r124698rOUTFIELDERrOFrOr1993r1993rActiver115rRr185
570rNrRr1979-09-28T00:00:00rNrNr6r5r49rJason YoungrYoung, JasonrYOUNG, JASONrJason YoungrYoung, Jasonr408221rPITCHERrPr1r2003-2004r2003-2004rWaivedr115rRr215
571rNrSr1971-04-14T00:00:00rNrYr5r10r31r"Gregg Zaun"r"Zaun, Gregg"rZAUN, GREGGr"Gregg Zaun"r"Zaun, Gregg"r124748rCATCHERrCr2r2003r2003r"Free agent"r115rRr170
572rNrRr1965-09-09T00:00:00rNrYr6r1r7rTodd ZeilerZeile, ToddrZEILE, TODDrTodd ZeilerZeile, Toddr124755rINFIELDERr3Br5r2002r2002r"Free agent"r115rRr200
